T,RH,AH,PT08_S1_CO,PT08_S2_NMHC,PT08_S3_NOx,PT08_S4_NO2,PT08_S5_O3,NOx_GT,NO2_GT,CO_GT
11.2,59.6,0.7888,1272.0,836.0,1205.0,1490.0,1110.0,131.0,116.0,1.6
10.7,60.0,0.7702,1136.0,672.0,1453.0,1333.0,730.0,62.0,76.0,1.0
9.5,66.8,0.7951,1236.0,774.0,1301.0,1401.0,664.0,104.0,95.0,1.6
8.3,76.4,0.8393,1286.0,869.0,1162.0,1537.0,799.0,146.0,112.0,1.9
9.6,67.8,0.8133,1640.0,1404.0,743.0,2191.0,1654.0,351.0,165.0,6.1
7.0,62.3,0.6261,889.0,574.0,1680.0,1187.0,512.0,-200.0,-200.0,0.8
15.1,39.6,0.6766,1510.0,1277.0,812.0,1910.0,1410.0,206.0,149.0,3.9
9.5,64.1,0.7597,1280.0,964.0,963.0,1544.0,1285.0,193.0,113.0,2.7
12.4,51.2,0.7335,1447.0,1081.0,869.0,1667.0,1465.0,250.0,126.0,3.2
16.7,37.8,0.7117,1326.0,1000.0,976.0,1602.0,1084.0,148.0,125.0,2.3
15.8,42.4,0.7569,1609.0,1286.0,758.0,1922.0,1612.0,277.0,165.0,4.2
14.7,49.3,0.8193,1418.0,1010.0,892.0,1603.0,1536.0,172.0,130.0,2.6
17.6,46.1,0.921,1898.0,1381.0,681.0,2103.0,1905.0,325.0,173.0,5.9
16.7,49.6,0.932,1560.0,1140.0,784.0,1818.0,1648.0,217.0,146.0,3.4
13.4,61.3,0.9361,1224.0,855.0,998.0,1566.0,1149.0,108.0,88.0,1.8
12.4,63.9,0.917,1797.0,1451.0,652.0,2323.0,1680.0,360.0,114.0,5.5
23.8,31.3,0.9137,1445.0,1141.0,857.0,1824.0,1252.0,156.0,110.0,2.8
25.3,26.1,0.8264,1579.0,1359.0,724.0,1998.0,1671.0,252.0,161.0,4.0
16.7,48.9,0.9226,1201.0,943.0,935.0,1560.0,1362.0,130.0,117.0,1.7
9.9,65.2,0.7956,1173.0,878.0,1038.0,1556.0,1052.0,160.0,84.0,1.6
25.9,25.9,0.8503,1389.0,1108.0,887.0,1712.0,1334.0,161.0,123.0,2.6
29.3,15.8,0.6309,1365.0,1154.0,940.0,1679.0,1221.0,186.0,129.0,2.9
25.9,16.0,0.5237,1557.0,1478.0,793.0,1981.0,1569.0,299.0,158.0,5.0
20.5,38.2,0.9133,1975.0,1667.0,597.0,2416.0,2359.0,347.0,182.0,6.7
14.8,53.9,0.9024,1371.0,1083.0,796.0,1669.0,1551.0,154.0,116.0,2.3
11.5,60.0,0.8117,1643.0,1384.0,667.0,2094.0,1610.0,339.0,124.0,4.7
17.8,40.5,0.821,1617.0,1333.0,686.0,2010.0,1819.0,349.0,150.0,4.5
25.2,24.9,0.7829,1379.0,1087.0,901.0,1660.0,1144.0,137.0,126.0,2.3
20.7,31.1,0.7523,1667.0,1464.0,683.0,2118.0,1588.0,280.0,168.0,5.1
12.0,69.7,0.9735,1287.0,936.0,918.0,1606.0,1040.0,126.0,106.0,2.0
12.5,66.8,0.962,913.0,525.0,1620.0,1260.0,370.0,18.0,28.0,0.5
14.7,57.6,0.9573,1175.0,945.0,904.0,1604.0,1081.0,143.0,116.0,2.2
13.9,55.9,0.8842,1090.0,773.0,1105.0,1429.0,761.0,86.0,83.0,1.6
13.9,55.6,0.8765,1017.0,718.0,1182.0,1382.0,650.0,74.0,81.0,1.3
16.3,50.0,0.9158,1490.0,1039.0,782.0,1757.0,1422.0,182.0,108.0,2.6
19.1,43.8,0.9556,1392.0,967.0,930.0,1649.0,941.0,119.0,94.0,2.1
16.4,53.8,0.9964,1535.0,1108.0,785.0,1820.0,1323.0,206.0,125.0,3.3
15.6,56.6,0.9951,1203.0,823.0,1004.0,1526.0,903.0,89.0,84.0,1.6
14.5,63.0,1.0316,947.0,594.0,1300.0,1390.0,580.0,24.0,36.0,0.7
18.9,49.6,1.07,1279.0,870.0,911.0,1646.0,1000.0,106.0,81.0,1.8
16.3,57.0,1.0491,897.0,563.0,1417.0,1355.0,472.0,23.0,33.0,0.6
15.7,57.6,1.0195,1090.0,768.0,1072.0,1538.0,699.0,86.0,76.0,1.2
18.5,36.7,0.7764,1090.0,868.0,1026.0,1509.0,766.0,124.0,87.0,1.6
21.0,29.6,0.7263,1110.0,964.0,947.0,1577.0,829.0,122.0,90.0,1.9
21.3,24.2,0.606,1076.0,1034.0,964.0,1544.0,813.0,150.0,101.0,2.3
13.0,56.8,0.8444,941.0,621.0,1298.0,1330.0,714.0,51.0,70.0,0.7
9.8,75.0,0.9093,1061.0,745.0,1178.0,1429.0,616.0,103.0,88.0,1.1
10.2,62.7,0.7813,908.0,559.0,1477.0,1287.0,721.0,44.0,66.0,-200.0
10.8,57.2,0.7382,954.0,561.0,1496.0,1255.0,612.0,43.0,57.0,0.8
11.3,63.9,0.8554,1112.0,842.0,1015.0,1494.0,680.0,100.0,91.0,-200.0
9.3,72.3,0.8496,858.0,490.0,1707.0,1212.0,378.0,18.0,28.0,0.5
8.1,79.0,0.8544,1038.0,697.0,1260.0,1383.0,605.0,84.0,82.0,1.1
10.6,56.1,0.714,1014.0,798.0,1083.0,1376.0,909.0,99.0,106.0,1.5
16.3,30.8,0.5683,1009.0,916.0,1015.0,1391.0,738.0,103.0,85.0,1.9
14.2,36.8,0.5922,962.0,776.0,1152.0,1279.0,550.0,89.0,75.0,1.3
9.9,50.2,0.6103,972.0,715.0,1237.0,1258.0,644.0,66.0,74.0,1.1
9.4,53.4,0.63,1021.0,776.0,1144.0,1307.0,753.0,94.0,87.0,1.5
17.8,28.4,0.5737,1046.0,883.0,1051.0,1357.0,765.0,113.0,101.0,1.9
9.3,62.2,0.7294,1135.0,827.0,1013.0,1395.0,1070.0,87.0,79.0,1.7
8.2,66.7,0.7276,1151.0,911.0,935.0,1501.0,1075.0,-200.0,-200.0,2.2
9.6,58.5,0.7,870.0,626.0,1325.0,1284.0,755.0,39.0,52.0,0.8
7.4,68.0,0.7043,995.0,691.0,1219.0,1321.0,836.0,91.0,69.0,1.4
15.6,35.0,0.617,1012.0,746.0,1174.0,1301.0,555.0,86.0,86.0,1.4
13.9,33.2,0.5222,975.0,793.0,1133.0,1254.0,637.0,119.0,97.0,1.5
17.5,27.9,0.5517,1010.0,833.0,1070.0,1332.0,561.0,91.0,83.0,1.6
13.1,26.8,0.4023,899.0,630.0,1418.0,1050.0,425.0,57.0,76.0,1.0
12.2,37.2,0.5277,897.0,529.0,1462.0,1101.0,693.0,41.0,69.0,-200.0
11.3,40.3,0.5376,1054.0,779.0,1080.0,1266.0,1013.0,111.0,98.0,1.1
15.7,50.9,0.8997,1224.0,980.0,850.0,1637.0,1055.0,152.0,111.0,2.3
12.0,58.4,0.8164,1029.0,754.0,1098.0,1395.0,749.0,57.0,79.0,1.2
12.0,61.6,0.8593,1143.0,825.0,986.0,1477.0,978.0,96.0,86.0,1.6
9.0,73.1,0.8394,956.0,713.0,1099.0,1422.0,849.0,-200.0,-200.0,0.9
19.7,38.4,0.8743,1094.0,850.0,970.0,1489.0,871.0,130.0,88.0,1.6
16.8,44.0,0.8341,1192.0,1007.0,827.0,1604.0,1223.0,154.0,124.0,2.5
14.1,54.4,0.8701,1139.0,899.0,921.0,1514.0,1067.0,126.0,104.0,2.0
14.5,58.0,0.9488,986.0,651.0,1145.0,1380.0,891.0,60.0,74.0,0.8
20.7,41.7,1.0092,1410.0,1030.0,781.0,1743.0,1372.0,-200.0,-200.0,-200.0
25.1,27.1,0.8496,1398.0,1156.0,812.0,1722.0,1076.0,-200.0,-200.0,-200.0
22.1,36.8,0.9681,1697.0,1471.0,625.0,2153.0,1548.0,-200.0,-200.0,-200.0
18.1,51.3,1.0587,1469.0,1128.0,762.0,1870.0,1207.0,-200.0,-200.0,-200.0
15.3,59.0,1.0181,1130.0,720.0,1063.0,1461.0,828.0,-200.0,-200.0,-200.0
18.1,49.8,1.0272,1275.0,900.0,868.0,1634.0,1057.0,-200.0,-200.0,-200.0
15.3,60.8,1.0501,1188.0,829.0,930.0,1540.0,785.0,-200.0,-200.0,-200.0
15.6,57.4,1.0075,1461.0,1127.0,703.0,1836.0,1451.0,236.0,124.0,3.1
17.9,49.4,1.0064,1378.0,1102.0,742.0,1796.0,1273.0,157.0,116.0,3.1
16.6,55.4,1.0408,1015.0,718.0,1065.0,1428.0,714.0,61.0,71.0,1.0
19.6,41.8,0.9407,1329.0,1119.0,707.0,1823.0,1288.0,182.0,107.0,2.9
20.2,40.1,0.937,1167.0,884.0,881.0,1580.0,931.0,105.0,78.0,1.6
14.2,58.6,0.9443,1000.0,688.0,1257.0,1398.0,426.0,55.0,61.0,0.8
9.3,75.0,0.8799,1020.0,752.0,1074.0,1398.0,839.0,95.0,97.0,1.4
8.1,72.1,0.7798,869.0,642.0,1291.0,1288.0,723.0,69.0,62.0,0.8
9.9,64.3,0.7859,1512.0,1482.0,596.0,2189.0,1605.0,308.0,118.0,5.1
21.5,27.4,0.6941,1121.0,1026.0,865.0,1541.0,958.0,122.0,96.0,2.1
20.6,22.6,0.5432,1144.0,1114.0,845.0,1551.0,1010.0,181.0,128.0,2.8
21.0,25.4,0.6264,1085.0,1004.0,888.0,1454.0,816.0,106.0,95.0,1.9
21.5,24.5,0.6203,1297.0,1287.0,723.0,1798.0,1216.0,192.0,138.0,3.6
19.3,28.6,0.6357,1408.0,1404.0,646.0,1972.0,1463.0,241.0,154.0,4.6
-200.0,-200.0,-200.0,-200.0,-200.0,-200.0,-200.0,-200.0,197.0,137.0,3.4
12.0,67.9,0.9523,1176.0,917.0,866.0,1560.0,1151.0,157.0,95.0,2.3
11.5,70.1,0.9503,1116.0,854.0,929.0,1533.0,1034.0,118.0,78.0,1.7
20.6,30.0,0.7213,1032.0,892.0,973.0,1457.0,756.0,101.0,87.0,1.8
21.4,22.7,0.5722,942.0,852.0,1055.0,1318.0,540.0,89.0,89.0,1.4
13.2,50.3,0.7577,1110.0,909.0,916.0,1487.0,984.0,125.0,115.0,2.0
11.8,56.6,0.7833,1220.0,967.0,844.0,1545.0,1219.0,174.0,117.0,2.5
13.0,47.9,0.7116,938.0,706.0,1177.0,1320.0,642.0,47.0,51.0,1.0
15.6,37.5,0.6575,922.0,674.0,1220.0,1205.0,498.0,63.0,78.0,1.1
15.5,36.7,0.6438,925.0,680.0,1223.0,1217.0,481.0,60.0,76.0,1.1
14.5,39.0,0.6428,924.0,648.0,1272.0,1186.0,465.0,63.0,74.0,1.1
13.9,30.9,0.4868,753.0,462.0,1822.0,955.0,274.0,16.0,25.0,0.3
12.8,52.0,0.7643,1172.0,1042.0,797.0,1641.0,1186.0,206.0,120.0,2.7
12.6,50.8,0.7387,1020.0,871.0,956.0,1426.0,911.0,133.0,93.0,1.6
16.3,38.1,0.7006,1009.0,885.0,994.0,1439.0,751.0,112.0,87.0,1.5
16.1,42.8,0.7783,1289.0,1158.0,755.0,1791.0,1196.0,184.0,118.0,3.0
21.1,30.2,0.745,1109.0,935.0,882.0,1518.0,1026.0,147.0,95.0,2.1
21.3,27.3,0.6856,1188.0,1082.0,790.0,1653.0,1077.0,-200.0,-200.0,-200.0
13.8,61.1,0.9595,1406.0,1258.0,636.0,1890.0,1495.0,279.0,116.0,4.1
14.0,76.3,1.2166,1529.0,1309.0,627.0,2083.0,1385.0,270.0,141.0,5.2
12.7,80.6,1.1819,1167.0,904.0,846.0,1627.0,1051.0,169.0,100.0,2.6
12.5,81.8,1.1838,1134.0,863.0,869.0,1599.0,1009.0,120.0,88.0,2.2
15.6,60.2,1.0617,1024.0,795.0,982.0,1501.0,705.0,-200.0,-200.0,-200.0
14.5,72.9,1.195,947.0,649.0,1154.0,1459.0,608.0,-200.0,-200.0,-200.0
14.5,77.2,1.2695,1219.0,849.0,901.0,1664.0,912.0,-200.0,-200.0,-200.0
14.9,74.5,1.253,1217.0,869.0,873.0,1660.0,963.0,-200.0,-200.0,-200.0
15.0,65.2,1.1045,1167.0,945.0,826.0,1702.0,1100.0,-200.0,-200.0,-200.0
14.0,70.9,1.1306,1101.0,852.0,913.0,1655.0,992.0,-200.0,-200.0,-200.0
9.5,79.7,0.9489,806.0,544.0,1429.0,1290.0,449.0,-200.0,-200.0,-200.0
11.0,77.4,1.0135,1430.0,1316.0,638.0,2069.0,1382.0,-200.0,-200.0,-200.0
22.6,39.5,1.0679,1428.0,1437.0,599.0,2156.0,1526.0,-200.0,-200.0,-200.0
14.2,56.7,0.9111,911.0,740.0,1071.0,1412.0,756.0,-200.0,-200.0,-200.0
10.1,71.8,0.888,871.0,694.0,1160.0,1421.0,779.0,-200.0,-200.0,-200.0
27.0,22.2,0.7805,1053.0,953.0,988.0,1483.0,758.0,-200.0,-200.0,-200.0
13.4,59.5,0.9097,834.0,596.0,1276.0,1335.0,727.0,-200.0,-200.0,-200.0
28.1,24.4,0.9138,1201.0,1102.0,814.0,1682.0,1175.0,-200.0,-200.0,-200.0
25.8,24.3,0.794,1433.0,1510.0,661.0,2038.0,1503.0,-200.0,-200.0,-200.0
23.8,29.5,0.8559,1527.0,1664.0,587.0,2238.0,1775.0,-200.0,-200.0,-200.0
14.3,55.4,0.9003,923.0,757.0,1041.0,1418.0,906.0,72.0,67.0,0.8
26.9,25.7,0.8942,1458.0,1350.0,677.0,1947.0,1731.0,240.0,169.0,3.8
30.0,19.4,0.81,1460.0,1438.0,680.0,1953.0,1489.0,260.0,196.0,4.4
21.5,40.8,1.0333,1482.0,1319.0,660.0,1975.0,1703.0,230.0,146.0,4.6
19.2,44.9,0.9875,1294.0,1083.0,770.0,1687.0,1321.0,121.0,108.0,2.2
24.3,41.8,1.2561,1338.0,1016.0,798.0,1766.0,1194.0,98.0,95.0,2.0
27.0,31.8,1.1176,1278.0,1003.0,845.0,1691.0,909.0,99.0,95.0,1.9
12.4,64.1,0.9209,984.0,707.0,1131.0,1359.0,494.0,71.0,73.0,1.3
12.5,50.9,0.7346,763.0,471.0,1783.0,1098.0,305.0,14.0,20.0,0.3
14.4,45.9,0.7476,833.0,553.0,1476.0,1180.0,373.0,40.0,45.0,0.6
17.9,30.7,0.6234,830.0,596.0,1389.0,1145.0,371.0,54.0,52.0,0.8
15.5,37.0,0.6447,940.0,769.0,1103.0,1310.0,731.0,100.0,90.0,1.4
14.1,44.9,0.7206,893.0,703.0,1192.0,1283.0,515.0,55.0,57.0,1.1
18.3,32.3,0.676,941.0,782.0,1102.0,1328.0,668.0,110.0,83.0,1.4
19.7,32.5,0.7396,942.0,785.0,1065.0,1365.0,571.0,86.0,77.0,1.3
17.8,37.5,0.7568,1163.0,1068.0,811.0,1616.0,977.0,135.0,111.0,3.0
16.0,41.4,0.7487,924.0,709.0,1158.0,1318.0,610.0,63.0,75.0,1.2
15.5,47.3,0.8282,930.0,670.0,1143.0,1339.0,746.0,58.0,68.0,0.7
24.8,25.3,0.7793,1066.0,931.0,979.0,1474.0,757.0,118.0,81.0,1.7
27.2,22.1,0.7811,1145.0,1066.0,903.0,1592.0,885.0,120.0,99.0,2.2
18.9,40.6,0.8771,1078.0,932.0,905.0,1511.0,951.0,99.0,100.0,1.8
17.4,46.3,0.9112,1055.0,899.0,880.0,1504.0,980.0,72.0,83.0,1.3
16.1,54.8,0.996,1486.0,1351.0,571.0,2112.0,1692.0,274.0,100.0,4.2
28.1,26.9,1.0094,1311.0,1170.0,748.0,1787.0,1219.0,119.0,108.0,2.4
17.9,56.2,1.142,1216.0,960.0,788.0,1662.0,1256.0,87.0,92.0,1.6
15.9,60.1,1.0806,926.0,639.0,1115.0,1409.0,814.0,34.0,54.0,0.6
23.8,30.2,0.8771,1156.0,1009.0,875.0,1583.0,1204.0,145.0,118.0,2.1
25.4,25.0,0.7966,1042.0,941.0,971.0,1491.0,871.0,110.0,91.0,1.5
24.9,29.9,0.9325,1398.0,1360.0,656.0,2037.0,1439.0,205.0,129.0,3.8
20.2,48.6,1.1354,1664.0,1519.0,553.0,2312.0,1820.0,271.0,145.0,5.4
18.2,58.8,1.2173,1398.0,1189.0,646.0,1931.0,1577.0,180.0,112.0,2.9
16.2,76.9,1.4051,1297.0,1019.0,733.0,1823.0,1217.0,137.0,85.0,2.3
15.7,78.4,1.3917,1097.0,809.0,897.0,1628.0,1050.0,80.0,74.0,1.2
18.7,57.6,1.2323,1405.0,1295.0,638.0,2065.0,1378.0,161.0,103.0,3.4
17.6,65.0,1.2945,1381.0,1199.0,685.0,1970.0,1365.0,209.0,117.0,3.3
19.1,61.1,1.3345,1449.0,1282.0,625.0,2100.0,1569.0,254.0,133.0,4.4
17.8,55.5,1.1174,1085.0,954.0,866.0,1656.0,871.0,109.0,100.0,2.0
22.6,39.3,1.06,1269.0,1047.0,809.0,1721.0,1080.0,144.0,114.0,2.3
28.4,23.6,0.8983,1051.0,1008.0,911.0,1561.0,921.0,102.0,90.0,1.7
30.2,20.5,0.8672,1203.0,1204.0,790.0,1744.0,1079.0,129.0,102.0,2.4
15.6,81.0,1.4216,881.0,546.0,1335.0,1465.0,458.0,21.0,28.0,-200.0
19.9,57.1,1.3158,1197.0,1082.0,753.0,1851.0,971.0,140.0,97.0,2.6
19.5,55.7,1.2512,1077.0,1001.0,836.0,1764.0,717.0,67.0,59.0,1.6
14.6,77.1,1.2727,927.0,682.0,1109.0,1526.0,580.0,56.0,54.0,0.8
16.3,68.6,1.2657,1172.0,1085.0,737.0,1876.0,1102.0,214.0,123.0,2.9
17.3,62.6,1.226,1264.0,1279.0,631.0,2049.0,1223.0,224.0,120.0,3.9
17.7,56.9,1.1392,981.0,978.0,857.0,1682.0,835.0,79.0,72.0,1.6
12.7,71.6,1.0486,743.0,502.0,1635.0,1292.0,355.0,-200.0,-200.0,0.4
13.6,65.5,1.0184,1182.0,1119.0,733.0,1831.0,1032.0,219.0,121.0,3.0
12.3,78.3,1.1154,1191.0,1074.0,741.0,1816.0,1038.0,239.0,128.0,3.1
13.7,65.8,1.0254,1034.0,935.0,870.0,1605.0,941.0,122.0,98.0,2.2
14.1,64.9,1.0405,1021.0,871.0,938.0,1586.0,805.0,93.0,81.0,1.8
12.7,70.4,1.0294,1205.0,1222.0,684.0,1911.0,1127.0,222.0,133.0,4.3
13.6,59.7,0.9271,969.0,791.0,1084.0,1446.0,711.0,102.0,80.0,2.2
14.7,63.1,1.0488,1084.0,852.0,910.0,1575.0,959.0,-200.0,-200.0,-200.0
13.8,72.3,1.1361,1204.0,982.0,791.0,1739.0,1067.0,-200.0,-200.0,-200.0
17.8,38.5,0.7763,1028.0,961.0,913.0,1502.0,649.0,-200.0,-200.0,-200.0
13.1,62.6,0.9419,922.0,737.0,1050.0,1414.0,882.0,-200.0,-200.0,-200.0
17.8,46.7,0.9466,967.0,753.0,1048.0,1420.0,544.0,-200.0,-200.0,-200.0
13.8,62.1,0.9721,1101.0,933.0,845.0,1600.0,1022.0,-200.0,-200.0,-200.0
14.9,57.6,0.9684,875.0,654.0,1172.0,1375.0,683.0,-200.0,-200.0,-200.0
20.8,40.6,0.9888,1105.0,1080.0,751.0,1758.0,981.0,139.0,104.0,2.2
15.8,56.2,1.0033,1025.0,963.0,842.0,1621.0,917.0,106.0,95.0,1.7
14.2,64.1,1.0346,959.0,812.0,961.0,1518.0,910.0,77.0,78.0,0.9
14.3,61.9,1.0031,787.0,549.0,1366.0,1317.0,596.0,28.0,43.0,0.2
11.3,70.4,0.9443,1035.0,917.0,882.0,1606.0,968.0,135.0,64.0,1.4
24.2,31.2,0.9257,1105.0,1035.0,826.0,1643.0,877.0,117.0,86.0,2.0
18.1,58.7,1.2072,1335.0,1122.0,673.0,1840.0,1424.0,167.0,114.0,2.7
15.6,62.2,1.0961,872.0,632.0,1132.0,1403.0,768.0,37.0,47.0,-200.0
14.5,65.7,1.0804,1152.0,964.0,800.0,1705.0,1096.0,134.0,73.0,1.5
17.7,56.3,1.13,1222.0,1084.0,727.0,1797.0,1108.0,157.0,116.0,2.8
16.2,53.7,0.9799,835.0,560.0,1409.0,1317.0,407.0,41.0,49.0,0.4
27.1,21.6,0.7618,1048.0,1068.0,869.0,1573.0,993.0,147.0,110.0,2.1
20.8,34.5,0.8365,1135.0,1065.0,803.0,1630.0,1317.0,138.0,111.0,2.3
15.3,49.7,0.8552,873.0,704.0,1091.0,1322.0,756.0,41.0,49.0,0.6
16.0,47.4,0.8564,1065.0,942.0,890.0,1576.0,1067.0,106.0,68.0,1.4
17.6,43.3,0.8647,1187.0,1104.0,727.0,1721.0,1391.0,208.0,108.0,2.6
25.6,23.5,0.7611,1025.0,955.0,997.0,1457.0,834.0,111.0,94.0,1.7
27.4,20.5,0.7379,985.0,903.0,1059.0,1437.0,712.0,90.0,86.0,1.4
19.6,37.0,0.8325,1183.0,1049.0,762.0,1594.0,1290.0,146.0,112.0,2.6
15.9,44.7,0.8009,875.0,721.0,1083.0,1328.0,683.0,-200.0,-200.0,0.8
13.8,51.4,0.8059,918.0,721.0,1069.0,1353.0,785.0,57.0,58.0,0.8
25.5,21.1,0.677,1053.0,970.0,930.0,1473.0,991.0,138.0,105.0,2.0
30.6,19.4,0.8348,941.0,753.0,1173.0,1311.0,468.0,45.0,56.0,0.9
19.1,25.9,0.5673,835.0,691.0,1265.0,1182.0,517.0,52.0,67.0,0.9
17.4,30.2,0.5945,771.0,533.0,1566.0,1110.0,360.0,-200.0,-200.0,0.4
15.8,36.5,0.6535,930.0,684.0,1059.0,1220.0,779.0,65.0,75.0,0.5
17.6,35.0,0.6965,1196.0,1131.0,775.0,1675.0,1243.0,216.0,113.0,2.6
18.5,31.2,0.6611,1010.0,937.0,945.0,1444.0,949.0,180.0,142.0,2.0
26.7,17.1,0.5909,1106.0,1097.0,902.0,1552.0,941.0,135.0,105.0,2.4
20.8,32.3,0.7813,839.0,609.0,1276.0,1286.0,643.0,36.0,59.0,0.4
21.2,32.9,0.8178,812.0,521.0,1413.0,1233.0,469.0,-200.0,-200.0,0.2
27.4,22.8,0.8219,1138.0,1015.0,854.0,1604.0,1115.0,140.0,103.0,1.9
31.7,19.5,0.8981,1158.0,981.0,862.0,1573.0,775.0,96.0,105.0,1.9
19.3,43.0,0.9535,1069.0,887.0,859.0,1542.0,1041.0,70.0,84.0,1.2
19.2,43.6,0.9591,940.0,724.0,1012.0,1407.0,867.0,44.0,68.0,0.7
18.4,45.7,0.9599,901.0,653.0,1094.0,1367.0,822.0,41.0,65.0,0.5
31.0,22.9,1.0144,1233.0,1154.0,746.0,1740.0,1000.0,116.0,115.0,2.2
31.6,21.0,0.959,1215.0,1116.0,784.0,1715.0,852.0,116.0,125.0,2.3
30.4,24.7,1.0526,1251.0,1165.0,747.0,1774.0,975.0,144.0,135.0,2.5
19.8,46.2,1.056,885.0,565.0,1217.0,1329.0,542.0,-200.0,-200.0,0.3
16.3,51.6,0.9461,889.0,633.0,1123.0,1344.0,683.0,-200.0,-200.0,0.3
18.2,46.2,0.9575,1522.0,1509.0,543.0,2275.0,1828.0,303.0,126.0,4.8
28.3,27.8,1.0539,1154.0,912.0,872.0,1605.0,825.0,78.0,76.0,1.4
19.8,54.5,1.2488,1507.0,1311.0,608.0,2107.0,1499.0,177.0,114.0,4.1
26.8,28.1,0.9785,1030.0,778.0,1071.0,1452.0,591.0,67.0,69.0,1.2
21.4,46.6,1.1764,1094.0,815.0,934.0,1563.0,852.0,74.0,69.0,1.0
15.8,45.2,0.8052,774.0,500.0,1536.0,1169.0,352.0,13.0,21.0,0.2
16.5,36.2,0.6752,864.0,642.0,1288.0,1255.0,441.0,72.0,69.0,0.5
18.4,24.6,0.5169,862.0,751.0,1154.0,1213.0,617.0,73.0,77.0,0.7
16.7,28.3,0.5316,859.0,727.0,1120.0,1187.0,753.0,65.0,84.0,0.5
15.2,31.0,0.5329,1002.0,932.0,949.0,1405.0,917.0,101.0,82.0,1.1
28.3,9.9,0.3754,1153.0,1253.0,815.0,1541.0,1381.0,289.0,155.0,3.2
32.3,13.3,0.6303,1027.0,1041.0,1237.0,1345.0,915.0,128.0,112.0,1.6
31.0,15.9,0.7039,1120.0,1238.0,1023.0,1591.0,1126.0,-200.0,-200.0,-200.0
17.0,46.0,0.883,1413.0,1424.0,739.0,2102.0,1544.0,-200.0,-200.0,-200.0
15.5,51.7,0.9019,814.0,678.0,1276.0,1339.0,626.0,-200.0,-200.0,-200.0
24.3,35.1,1.0477,1050.0,963.0,998.0,1609.0,901.0,-200.0,-200.0,-200.0
23.6,41.0,1.1786,1148.0,1067.0,887.0,1790.0,956.0,133.0,105.0,2.1
21.5,48.1,1.2148,1176.0,1114.0,843.0,1805.0,1102.0,141.0,114.0,2.2
19.6,47.0,1.0606,1092.0,1024.0,937.0,1706.0,968.0,128.0,109.0,2.0
17.7,51.9,1.0379,853.0,727.0,1179.0,1417.0,621.0,44.0,59.0,-200.0
20.8,36.6,0.8878,862.0,721.0,1329.0,1335.0,522.0,72.0,66.0,0.7
22.4,31.3,0.8365,899.0,803.0,1221.0,1426.0,596.0,87.0,83.0,0.8
17.0,47.7,0.9185,815.0,774.0,1113.0,1374.0,712.0,43.0,55.0,-200.0
17.3,47.6,0.9295,781.0,645.0,1295.0,1320.0,575.0,32.0,45.0,0.1
20.2,37.8,0.8837,803.0,635.0,1417.0,1272.0,537.0,60.0,67.0,0.3
27.4,23.8,0.858,990.0,930.0,1045.0,1506.0,739.0,89.0,95.0,1.1
19.3,68.8,1.519,1035.0,878.0,977.0,1694.0,825.0,78.0,69.0,0.8
17.1,79.8,1.542,1313.0,1283.0,671.0,2180.0,1299.0,236.0,100.0,2.7
24.8,47.4,1.4628,1278.0,1213.0,733.0,2041.0,1293.0,183.0,95.0,2.5
21.0,66.9,1.6436,1355.0,1289.0,678.0,2158.0,1391.0,221.0,88.0,3.7
20.2,65.2,1.5251,1171.0,1088.0,822.0,1889.0,1132.0,168.0,81.0,2.2
18.9,79.0,1.704,893.0,741.0,1056.0,1664.0,743.0,31.0,36.0,-200.0
17.6,67.6,1.3479,1012.0,982.0,882.0,1796.0,1024.0,184.0,73.0,-200.0
22.6,45.9,1.2418,1234.0,1318.0,714.0,2108.0,2202.0,243.0,108.0,-200.0
27.4,31.0,1.1184,987.0,1009.0,914.0,1697.0,1227.0,-200.0,-200.0,-200.0
23.0,43.1,1.1993,951.0,892.0,1015.0,1611.0,786.0,-200.0,-200.0,-200.0
22.1,43.9,1.1521,944.0,891.0,1016.0,1593.0,844.0,-200.0,-200.0,-200.0
21.2,47.6,1.1799,880.0,799.0,1097.0,1533.0,724.0,-200.0,-200.0,-200.0
25.7,31.8,1.0317,1116.0,1226.0,792.0,1938.0,1038.0,-200.0,-200.0,3.6
20.7,50.0,1.203,937.0,890.0,970.0,1625.0,877.0,-200.0,-200.0,1.5
19.3,57.3,1.265,858.0,757.0,1066.0,1542.0,904.0,57.0,71.0,0.7
30.1,25.4,1.0641,841.0,811.0,1135.0,1463.0,609.0,61.0,62.0,1.0
21.6,45.3,1.1533,784.0,638.0,1314.0,1412.0,529.0,51.0,54.0,0.7
25.9,28.8,0.9475,734.0,603.0,1471.0,1303.0,450.0,40.0,48.0,0.5
23.7,36.8,1.0609,906.0,838.0,1084.0,1547.0,694.0,117.0,88.0,1.3
33.7,21.3,1.0988,1039.0,1180.0,833.0,1815.0,1047.0,184.0,127.0,2.5
21.7,50.8,1.3019,942.0,846.0,980.0,1615.0,905.0,78.0,92.0,1.3
19.6,57.1,1.2851,785.0,640.0,1265.0,1467.0,588.0,35.0,40.0,0.5
35.9,20.8,1.2103,1078.0,1121.0,818.0,1806.0,963.0,149.0,119.0,2.3
25.3,40.7,1.291,1050.0,1011.0,836.0,1739.0,1161.0,96.0,89.0,1.7
24.9,41.2,1.2809,972.0,902.0,933.0,1647.0,878.0,59.0,67.0,1.2
39.6,16.7,1.1867,1287.0,1340.0,699.0,2008.0,1267.0,230.0,194.0,3.5
30.7,32.2,1.3983,1234.0,1257.0,695.0,2019.0,1349.0,212.0,162.0,3.4
28.4,35.7,1.3549,1151.0,1154.0,747.0,1894.0,1186.0,151.0,132.0,2.7
23.7,49.0,1.4152,1360.0,1561.0,545.0,2525.0,1626.0,290.0,139.0,4.8
30.1,34.3,1.4414,1196.0,1208.0,705.0,1981.0,1341.0,234.0,151.0,3.1
40.0,18.8,1.363,1157.0,1105.0,779.0,1792.0,982.0,139.0,139.0,2.4
24.8,37.8,1.1639,807.0,681.0,1092.0,1435.0,765.0,41.0,65.0,0.6
19.8,50.4,1.1525,912.0,858.0,923.0,1608.0,894.0,92.0,69.0,1.0
22.8,42.7,1.1667,1355.0,1526.0,567.0,2397.0,1658.0,333.0,134.0,4.8
24.9,27.2,0.8429,936.0,871.0,990.0,1430.0,921.0,108.0,97.0,1.3
37.0,20.1,1.2423,1062.0,924.0,892.0,1683.0,777.0,69.0,76.0,1.2
26.1,42.2,1.4039,1153.0,1022.0,765.0,1806.0,1013.0,84.0,89.0,1.8
22.3,35.3,0.9371,811.0,622.0,1315.0,1307.0,432.0,52.0,60.0,0.6
22.0,41.7,1.0865,849.0,628.0,1274.0,1379.0,453.0,53.0,56.0,0.8
21.1,46.2,1.1389,973.0,858.0,941.0,1584.0,779.0,137.0,92.0,1.5
30.3,26.9,1.1399,1114.0,1181.0,747.0,1928.0,1129.0,180.0,115.0,2.7
21.3,58.1,1.457,872.0,709.0,1034.0,1522.0,599.0,34.0,51.0,0.8
33.0,26.0,1.2877,1101.0,1057.0,797.0,1772.0,863.0,122.0,113.0,2.3
33.2,23.7,1.1855,1111.0,1086.0,787.0,1802.0,824.0,114.0,107.0,2.6
23.3,43.4,1.2251,1067.0,1106.0,745.0,1840.0,1125.0,143.0,107.0,2.5
20.2,53.8,1.2569,798.0,677.0,1092.0,1473.0,696.0,35.0,44.0,0.5
23.5,48.3,1.3777,886.0,813.0,936.0,1592.0,918.0,63.0,81.0,1.0
37.6,21.1,1.3478,1083.0,1097.0,765.0,1810.0,847.0,117.0,125.0,2.0
37.2,21.6,1.3514,1104.0,1143.0,747.0,1840.0,896.0,133.0,147.0,2.4
21.2,55.0,1.3689,850.0,703.0,1021.0,1511.0,658.0,38.0,54.0,0.6
31.2,32.4,1.4517,1097.0,964.0,822.0,1743.0,853.0,103.0,102.0,1.7
36.1,22.1,1.3004,1060.0,991.0,833.0,1718.0,778.0,72.0,83.0,1.5
,-200.0,-200.0,-200.0,-200.0,-200.0,-200.0,-200.0,72.0,77.0,1.6
-200.0,,-200.0,-200.0,-200.0,-200.0,-200.0,-200.0,-200.0,-200.0,1.4
-200.0,-200.0,-200.0,-200.0,-200.0,-200.0,-200.0,-200.0,59.0,67.0,1.2
,-200.0,-200.0,-200.0,-200.0,-200.0,-200.0,-200.0,42.0,59.0,1.0
-200.0,,-200.0,-200.0,-200.0,-200.0,-200.0,-200.0,76.0,83.0,2.2
-200.0,-200.0,-200.0,-200.0,-200.0,-200.0,-200.0,-200.0,21.0,36.0,0.6
18.2,57.6,1.193,809.0,681.0,1108.0,1463.0,609.0,52.0,43.0,0.5
23.3,38.6,1.0919,1221.0,1386.0,626.0,2138.0,1412.0,232.0,109.0,3.7
23.1,41.5,1.1582,1007.0,1027.0,798.0,1737.0,904.0,114.0,112.0,2.1
22.1,44.3,1.1665,758.0,580.0,1215.0,1374.0,531.0,22.0,36.0,0.4
31.7,25.9,1.1883,1196.0,1303.0,654.0,2017.0,1199.0,218.0,139.0,3.6
21.8,47.3,1.2189,809.0,666.0,1093.0,1455.0,714.0,38.0,55.0,0.5
21.7,47.3,1.2135,777.0,609.0,1170.0,1405.0,644.0,-200.0,-200.0,0.3
20.8,50.3,1.2207,768.0,591.0,1183.0,1402.0,606.0,24.0,37.0,-200.0
21.7,46.8,1.2031,768.0,597.0,1155.0,1396.0,606.0,30.0,40.0,0.4
31.3,27.3,1.2234,1250.0,1339.0,616.0,2075.0,1383.0,251.0,152.0,3.9
27.3,35.3,1.2606,1146.0,1084.0,713.0,1829.0,1215.0,159.0,121.0,2.5
22.9,57.7,1.5902,915.0,690.0,983.0,1570.0,743.0,-200.0,-200.0,0.8
22.1,56.2,1.48,893.0,696.0,1008.0,1548.0,801.0,48.0,54.0,0.7
31.9,30.3,1.4125,959.0,763.0,976.0,1561.0,549.0,56.0,58.0,1.2
33.3,23.9,1.2085,1075.0,1020.0,802.0,1732.0,797.0,109.0,103.0,2.1
23.1,47.4,1.3208,833.0,671.0,1061.0,1482.0,705.0,-200.0,-200.0,0.7
21.5,51.8,1.3129,1138.0,1141.0,671.0,1927.0,1197.0,199.0,104.0,2.6
32.9,15.5,0.7649,973.0,1128.0,813.0,1642.0,894.0,170.0,127.0,2.8
25.0,28.7,0.8944,1054.0,1110.0,765.0,1670.0,1167.0,174.0,130.0,2.6
21.2,37.6,0.9355,835.0,739.0,1036.0,1382.0,694.0,47.0,61.0,0.9
21.2,39.4,0.9802,763.0,622.0,1129.0,1321.0,689.0,37.0,58.0,-200.0
23.2,52.3,1.4668,869.0,723.0,975.0,1522.0,789.0,34.0,45.0,0.8
38.9,21.4,1.4605,1089.0,893.0,879.0,1609.0,791.0,90.0,110.0,1.6
34.3,26.0,1.3865,1102.0,990.0,799.0,1685.0,849.0,90.0,103.0,1.7
28.2,36.6,1.3781,1018.0,950.0,830.0,1636.0,914.0,100.0,99.0,1.7
22.8,50.1,1.3677,846.0,662.0,1068.0,1464.0,633.0,-200.0,-200.0,0.5
39.9,20.1,1.4495,1148.0,1037.0,772.0,1720.0,835.0,110.0,130.0,1.8
33.9,26.8,1.3899,1245.0,1287.0,635.0,2067.0,1288.0,167.0,140.0,3.1
25.9,45.1,1.4889,863.0,652.0,1055.0,1504.0,816.0,42.0,54.0,0.5
25.3,47.6,1.5108,956.0,784.0,928.0,1634.0,934.0,57.0,62.0,0.7
30.5,42.3,1.8173,1216.0,1130.0,655.0,1994.0,1246.0,117.0,115.0,2.5
28.2,47.1,1.7752,1276.0,1138.0,628.0,2021.0,1430.0,246.0,134.0,2.9
26.1,45.3,1.5115,1171.0,1093.0,669.0,1862.0,1205.0,117.0,105.0,2.3
25.3,47.6,1.513,1024.0,882.0,791.0,1662.0,1072.0,77.0,87.0,1.5
24.8,50.6,1.5654,993.0,795.0,888.0,1629.0,770.0,60.0,63.0,0.8
35.6,27.2,1.5557,1160.0,1040.0,720.0,1810.0,961.0,122.0,108.0,1.8
38.8,20.7,1.4036,1099.0,1015.0,763.0,1732.0,839.0,125.0,117.0,1.7
24.2,37.3,1.1118,953.0,874.0,854.0,1528.0,899.0,72.0,84.0,1.1
21.8,46.6,1.1991,900.0,750.0,932.0,1494.0,817.0,-200.0,-200.0,0.7
35.3,17.0,0.9561,929.0,869.0,942.0,1454.0,624.0,80.0,89.0,1.2
29.6,37.7,1.544,1025.0,809.0,877.0,1606.0,690.0,56.0,68.0,1.0
21.6,45.7,1.1665,799.0,613.0,1120.0,1387.0,641.0,38.0,43.0,0.4
23.7,37.9,1.0988,1344.0,1496.0,519.0,2311.0,1651.0,287.0,134.0,3.9
26.0,30.1,0.9953,1226.0,1272.0,632.0,1901.0,1474.0,317.0,157.0,3.6
25.4,43.0,1.37,1078.0,971.0,752.0,1694.0,1065.0,107.0,105.0,1.9
25.8,41.0,1.3461,917.0,761.0,931.0,1497.0,893.0,55.0,75.0,0.9
39.9,15.8,1.141,1058.0,1026.0,794.0,1622.0,931.0,165.0,132.0,1.8
40.2,13.9,1.02,1037.0,1075.0,789.0,1604.0,917.0,172.0,151.0,2.0
34.2,17.9,0.9444,1213.0,1327.0,654.0,1864.0,2021.0,251.0,155.0,3.9
30.4,23.2,0.9889,1086.0,1145.0,737.0,1717.0,1426.0,154.0,125.0,2.5
28.8,25.1,0.9793,1056.0,1078.0,765.0,1668.0,1272.0,137.0,108.0,2.1
26.9,32.6,1.1381,1112.0,1128.0,675.0,1771.0,1440.0,117.0,99.0,2.1
29.6,28.7,1.1706,1359.0,1415.0,572.0,2081.0,1902.0,381.0,189.0,4.0
38.3,17.0,1.1216,1117.0,1045.0,761.0,1623.0,1260.0,207.0,154.0,2.0
31.1,29.3,1.3055,1286.0,1214.0,620.0,1880.0,1759.0,168.0,132.0,2.4
24.5,40.4,1.2251,969.0,769.0,866.0,1485.0,1063.0,43.0,60.0,-200.0
34.9,29.3,1.611,1611.0,1552.0,487.0,2371.0,1948.0,317.0,206.0,5.1
32.2,27.6,1.3044,1268.0,1206.0,648.0,1900.0,1434.0,201.0,137.0,2.9
27.7,41.9,1.537,1355.0,1198.0,564.0,1905.0,1714.0,129.0,109.0,2.3
30.5,24.7,1.0592,1036.0,955.0,829.0,1527.0,840.0,166.0,130.0,1.8
32.9,20.1,0.9902,1002.0,964.0,828.0,1546.0,786.0,149.0,137.0,1.7
34.4,19.3,1.0325,1008.0,962.0,845.0,1545.0,742.0,145.0,129.0,1.7
24.8,36.8,1.1357,1036.0,986.0,776.0,1614.0,868.0,113.0,112.0,1.7
22.7,47.7,1.2977,1118.0,1082.0,694.0,1792.0,1080.0,161.0,127.0,2.3
21.7,52.0,1.3313,877.0,711.0,1018.0,1475.0,580.0,41.0,45.0,0.4
31.2,23.4,1.0487,895.0,831.0,946.0,1473.0,566.0,66.0,83.0,0.9
24.7,38.8,1.1929,990.0,866.0,866.0,1551.0,728.0,89.0,94.0,1.3
21.6,47.5,1.2118,925.0,831.0,880.0,1513.0,789.0,71.0,74.0,1.0
20.6,50.6,1.2119,796.0,628.0,1136.0,1385.0,555.0,29.0,36.0,0.3
23.2,43.2,1.2104,1153.0,1042.0,733.0,1700.0,1022.0,184.0,136.0,2.4
20.7,46.4,1.1198,903.0,800.0,911.0,1478.0,751.0,50.0,68.0,0.8
22.7,42.3,1.1491,761.0,540.0,1269.0,1303.0,486.0,-200.0,-200.0,0.1
19.6,54.3,1.2278,1272.0,1328.0,567.0,2085.0,1463.0,333.0,108.0,3.3
23.4,39.4,1.1172,942.0,849.0,907.0,1496.0,894.0,177.0,107.0,1.5
28.5,27.3,1.0479,1024.0,1052.0,779.0,1690.0,952.0,183.0,104.0,2.1
24.8,33.1,1.0222,942.0,912.0,842.0,1551.0,814.0,144.0,106.0,1.6
19.3,51.4,1.1387,854.0,764.0,932.0,1476.0,922.0,88.0,76.0,1.0
18.8,51.1,1.1,723.0,544.0,1274.0,1315.0,584.0,-200.0,-200.0,0.4
19.2,48.8,1.0751,1257.0,1495.0,524.0,2245.0,1647.0,379.0,129.0,5.0
26.4,29.9,1.0138,1064.0,1126.0,711.0,1656.0,1361.0,272.0,139.0,2.8
31.3,19.1,0.8634,1026.0,1094.0,769.0,1629.0,1224.0,278.0,134.0,2.6
23.6,-5.0,0.9685,927.0,930.0,840.0,1522.0,1026.0,108.0,89.0,1.4
22.2,38.4,1.0126,863.0,824.0,905.0,1469.0,925.0,65.0,70.0,0.9
18.8,49.0,1.0505,855.0,762.0,942.0,1444.0,959.0,79.0,73.0,0.8
33.4,17.1,0.8627,932.0,1026.0,851.0,1523.0,944.0,195.0,122.0,1.8
27.8,26.6,0.9748,1084.0,1200.0,686.0,1753.0,1505.0,185.0,159.0,2.9
25.3,30.0,0.9508,951.0,939.0,849.0,1488.0,868.0,96.0,101.0,1.4
21.3,48.4,1.2119,1132.0,1166.0,652.0,1827.0,1229.0,168.0,108.0,2.3
37.1,17.7,1.094,1039.0,1069.0,773.0,1646.0,880.0,138.0,135.0,2.0
24.3,36.3,1.0852,981.0,985.0,779.0,1572.0,1020.0,99.0,97.0,1.7
20.3,46.8,1.1,819.0,677.0,1048.0,1379.0,685.0,56.0,62.0,0.6
20.5,47.7,1.1419,1114.0,1174.0,667.0,1819.0,1188.0,172.0,102.0,2.4
25.7,33.5,1.0918,1090.0,1103.0,695.0,1686.0,1235.0,142.0,119.0,2.2
26.8,32.3,1.1235,920.0,730.0,944.0,1393.0,842.0,43.0,55.0,0.3
25.2,38.6,1.2215,1403.0,1443.0,508.0,2234.0,1811.0,313.0,142.0,3.4
36.8,18.0,1.0945,1195.0,1153.0,678.0,1732.0,1370.0,226.0,159.0,2.1
38.1,18.5,1.2108,1245.0,1181.0,645.0,1747.0,1350.0,184.0,164.0,-200.0
41.3,15.5,1.21,1289.0,1225.0,632.0,1796.0,1274.0,163.0,145.0,-200.0
27.6,38.2,1.3911,1057.0,881.0,784.0,1574.0,1081.0,53.0,67.0,-200.0
27.4,39.1,1.4072,925.0,656.0,967.0,1440.0,917.0,-200.0,-200.0,-200.0
40.1,15.2,1.1065,1018.0,880.0,865.0,1421.0,613.0,67.0,86.0,-200.0
33.3,29.9,1.5079,1301.0,1256.0,593.0,1914.0,1382.0,164.0,144.0,3.4
29.4,38.7,1.5581,1276.0,1135.0,625.0,1887.0,1436.0,143.0,105.0,2.5
24.8,48.5,1.4953,954.0,790.0,826.0,1564.0,1066.0,-200.0,-200.0,0.9
26.6,42.8,1.4675,1367.0,1441.0,470.0,2283.0,1770.0,262.0,120.0,3.8
29.0,37.6,1.4866,1335.0,1340.0,519.0,2141.0,1651.0,236.0,133.0,3.5
27.8,39.9,1.4682,1195.0,1156.0,621.0,1897.0,1346.0,153.0,99.0,2.4
28.0,46.9,1.748,1152.0,976.0,672.0,1800.0,1179.0,111.0,90.0,1.9
38.3,27.1,1.797,1058.0,833.0,804.0,1623.0,626.0,47.0,53.0,1.2
23.8,63.5,1.8495,965.0,692.0,927.0,1549.0,653.0,45.0,52.0,0.9
24.7,56.9,1.739,941.0,687.0,949.0,1530.0,642.0,44.0,52.0,0.7
24.5,56.9,1.7225,851.0,551.0,1224.0,1443.0,463.0,30.0,37.0,0.5
24.9,54.8,1.7063,853.0,557.0,1215.0,1435.0,454.0,24.0,31.0,0.5
31.2,36.3,1.6217,855.0,606.0,1214.0,1403.0,438.0,28.0,37.0,0.7
25.6,46.8,1.5111,822.0,569.0,1204.0,1396.0,429.0,14.0,22.0,-200.0
28.8,38.9,1.5184,993.0,866.0,832.0,1637.0,823.0,111.0,98.0,-200.0
27.7,37.9,1.3842,997.0,898.0,813.0,1613.0,856.0,65.0,97.0,-200.0
26.0,40.6,1.3467,784.0,587.0,1128.0,1392.0,554.0,-200.0,-200.0,-200.0
24.6,45.1,1.3714,1041.0,962.0,728.0,1694.0,936.0,119.0,102.0,-200.0
31.7,25.6,1.179,915.0,828.0,928.0,1474.0,630.0,90.0,87.0,-200.0
32.4,22.4,1.0701,989.0,1004.0,818.0,1577.0,783.0,123.0,119.0,-200.0
22.8,34.7,0.9514,794.0,698.0,999.0,1336.0,767.0,53.0,78.0,-200.0
35.3,16.8,0.9448,1103.0,1232.0,679.0,1732.0,1085.0,-200.0,-200.0,-200.0
29.6,26.1,1.0682,1086.0,1105.0,710.0,1682.0,1109.0,144.0,131.0,-200.0
25.7,30.9,1.0048,797.0,624.0,1074.0,1276.0,546.0,18.0,33.0,-200.0
36.4,16.8,1.0033,998.0,958.0,800.0,1484.0,677.0,96.0,106.0,-200.0
38.6,16.1,1.0853,1062.0,1060.0,725.0,1601.0,830.0,120.0,137.0,-200.0
23.1,52.1,1.4518,907.0,863.0,782.0,1669.0,919.0,-200.0,-200.0,-200.0
23.0,50.9,1.4105,1263.0,1279.0,559.0,2132.0,1388.0,182.0,105.0,-200.0
,-200.0,-200.0,-200.0,-200.0,-200.0,-200.0,-200.0,220.0,158.0,-200.0
23.7,56.5,1.6341,930.0,772.0,854.0,1613.0,728.0,-200.0,-200.0,-200.0
23.8,55.3,1.6068,880.0,704.0,913.0,1529.0,676.0,26.0,37.0,-200.0
25.1,53.9,1.689,971.0,821.0,820.0,1637.0,811.0,28.0,40.0,0.9
32.4,37.3,1.7808,1012.0,804.0,832.0,1638.0,766.0,53.0,48.0,0.9
38.1,18.5,1.2141,824.0,683.0,1119.0,1270.0,393.0,34.0,42.0,0.6
39.7,19.1,1.3646,908.0,748.0,1020.0,1373.0,451.0,69.0,92.0,0.9
27.3,57.1,2.0426,1142.0,945.0,672.0,1775.0,799.0,65.0,68.0,1.9
25.1,62.4,1.9602,910.0,630.0,1061.0,1504.0,468.0,29.0,35.0,0.4
38.0,22.2,1.4483,996.0,959.0,779.0,1636.0,684.0,80.0,117.0,1.4
28.8,43.5,1.6989,1086.0,974.0,707.0,1733.0,795.0,58.0,91.0,1.2
28.0,45.2,1.6832,838.0,559.0,1186.0,1428.0,559.0,-200.0,-200.0,-200.0
32.8,36.9,1.803,1234.0,1154.0,596.0,1965.0,1204.0,211.0,173.0,-200.0
33.7,35.1,1.8022,1173.0,1061.0,650.0,1858.0,940.0,153.0,127.0,-200.0
35.6,30.6,1.7493,1094.0,976.0,719.0,1753.0,869.0,-200.0,-200.0,-200.0
37.9,25.7,1.6651,1056.0,926.0,748.0,1643.0,702.0,-200.0,-200.0,-200.0
25.4,54.6,1.7432,853.0,605.0,1032.0,1488.0,615.0,-200.0,-200.0,-200.0
22.8,63.7,1.7392,957.0,705.0,857.0,1578.0,843.0,-200.0,-200.0,-200.0
31.7,36.7,1.6843,1135.0,1030.0,662.0,1789.0,1104.0,-200.0,-200.0,-200.0
38.3,24.5,1.622,1038.0,906.0,808.0,1567.0,747.0,66.0,86.0,-200.0
25.4,56.2,1.7961,1075.0,996.0,649.0,1838.0,1113.0,115.0,84.0,2.0
36.8,29.5,1.8037,974.0,833.0,864.0,1577.0,565.0,46.0,67.0,1.2
32.2,37.4,1.7655,990.0,912.0,777.0,1648.0,689.0,65.0,86.0,1.6
33.0,37.3,1.8481,877.0,655.0,1061.0,1471.0,444.0,27.0,35.0,0.7
25.8,60.4,1.9759,1001.0,836.0,771.0,1662.0,821.0,49.0,57.0,1.2
27.7,52.5,1.9138,1168.0,1138.0,585.0,1946.0,1336.0,16.0,5.0,2.4
34.2,31.5,1.6675,1019.0,889.0,787.0,1630.0,745.0,54.0,65.0,1.4
28.8,45.9,1.7884,1109.0,965.0,696.0,1742.0,1100.0,59.0,74.0,1.6
27.4,55.0,1.9827,1035.0,859.0,732.0,1680.0,996.0,33.0,49.0,1.0
24.5,61.3,1.8522,1193.0,1139.0,563.0,2009.0,1257.0,143.0,47.0,2.2
40.5,23.3,1.7416,1013.0,864.0,819.0,1544.0,644.0,59.0,75.0,1.1
28.8,52.0,2.0297,1144.0,997.0,669.0,1816.0,1021.0,64.0,63.0,1.8
26.7,60.7,2.0977,991.0,778.0,797.0,1665.0,910.0,29.0,36.0,0.8
38.8,25.4,1.7282,967.0,740.0,926.0,1526.0,557.0,50.0,50.0,1.0
25.6,63.5,2.0566,869.0,614.0,1001.0,1565.0,674.0,-200.0,-200.0,0.6
31.6,35.5,1.6269,933.0,748.0,948.0,1551.0,629.0,51.0,52.0,0.9
29.8,41.8,1.7269,1005.0,868.0,779.0,1633.0,771.0,71.0,85.0,1.4
36.3,18.4,1.0976,746.0,624.0,1227.0,1209.0,410.0,8.0,14.0,0.4
28.4,34.4,1.314,982.0,906.0,784.0,1561.0,1002.0,79.0,91.0,1.6
28.3,36.7,1.3878,877.0,658.0,964.0,1349.0,663.0,25.0,37.0,0.6
25.7,43.8,1.4233,867.0,645.0,1001.0,1385.0,656.0,23.0,36.0,0.5
38.8,19.8,1.3513,1026.0,813.0,843.0,1463.0,692.0,-200.0,-200.0,-200.0
36.4,27.1,1.6226,1023.0,875.0,785.0,1590.0,711.0,83.0,71.0,1.4
31.3,39.5,1.7798,1050.0,921.0,743.0,1683.0,851.0,91.0,70.0,1.6
39.9,23.8,1.7127,1022.0,849.0,813.0,1583.0,732.0,32.0,44.0,1.2
31.6,43.6,1.9944,1101.0,875.0,722.0,1748.0,927.0,65.0,68.0,1.7
27.4,53.5,1.9267,932.0,720.0,859.0,1562.0,605.0,-200.0,-200.0,-200.0
35.5,34.9,1.9841,927.0,698.0,919.0,1537.0,555.0,-200.0,-200.0,-200.0
34.5,34.7,1.8667,989.0,798.0,840.0,1607.0,584.0,-200.0,-200.0,-200.0
30.8,43.1,1.8761,984.0,800.0,836.0,1607.0,610.0,-200.0,-200.0,-200.0
26.0,45.0,1.4913,895.0,783.0,863.0,1502.0,575.0,-200.0,-200.0,-200.0
24.5,40.6,1.2327,826.0,682.0,1088.0,1342.0,532.0,-200.0,-200.0,-200.0
28.5,29.4,1.1298,830.0,696.0,1060.0,1328.0,461.0,-200.0,-200.0,-200.0
25.2,47.4,1.4978,924.0,814.0,830.0,1519.0,798.0,-200.0,-200.0,-200.0
25.7,38.5,1.2548,922.0,818.0,826.0,1454.0,848.0,-200.0,-200.0,-200.0
23.6,45.4,1.3067,932.0,820.0,817.0,1462.0,921.0,-200.0,-200.0,-200.0
21.6,51.6,1.3171,812.0,675.0,995.0,1348.0,661.0,-200.0,-200.0,-200.0
21.2,53.3,1.328,773.0,613.0,1065.0,1321.0,597.0,-200.0,-200.0,-200.0
27.0,30.7,1.079,928.0,837.0,808.0,1410.0,871.0,62.0,80.0,1.4
20.2,47.1,1.1021,786.0,642.0,1057.0,1270.0,592.0,39.0,48.0,0.7
34.6,18.2,0.9832,923.0,862.0,875.0,1363.0,626.0,92.0,107.0,1.3
23.6,54.2,1.5583,994.0,829.0,784.0,1581.0,982.0,108.0,78.0,1.1
28.1,47.4,1.7753,1252.0,1168.0,557.0,1938.0,1352.0,193.0,107.0,2.9
32.5,34.1,1.6453,965.0,802.0,821.0,1504.0,564.0,51.0,54.0,1.3
-200.0,,-200.0,-200.0,-200.0,-200.0,-200.0,-200.0,58.0,60.0,1.0
-200.0,,-200.0,-200.0,-200.0,-200.0,-200.0,-200.0,129.0,99.0,2.2
-200.0,,-200.0,-200.0,-200.0,-200.0,-200.0,-200.0,81.0,71.0,1.3
,-200.0,-200.0,-200.0,-200.0,-200.0,-200.0,-200.0,114.0,104.0,2.0
,-200.0,-200.0,-200.0,-200.0,-200.0,-200.0,-200.0,85.0,89.0,1.5
19.8,59.3,1.3505,835.0,699.0,912.0,1361.0,796.0,-200.0,-200.0,0.6
34.3,24.5,1.3021,958.0,867.0,828.0,1468.0,660.0,30.0,37.0,1.2
26.0,47.6,1.5806,1059.0,914.0,697.0,1617.0,895.0,-200.0,-200.0,-200.0
21.3,64.1,1.6043,870.0,637.0,947.0,1445.0,716.0,-200.0,-200.0,-200.0
25.1,51.8,1.6304,949.0,705.0,859.0,1460.0,691.0,-200.0,-200.0,-200.0
28.3,39.2,1.4826,1116.0,1044.0,613.0,1694.0,954.0,-200.0,-200.0,-200.0
22.9,59.4,1.6353,815.0,565.0,1127.0,1350.0,541.0,-200.0,-200.0,-200.0
23.8,56.5,1.64,1393.0,1567.0,416.0,2381.0,1562.0,-200.0,-200.0,-200.0
31.6,34.7,1.589,1084.0,980.0,679.0,1653.0,923.0,-200.0,-200.0,-200.0
32.3,30.2,1.4347,1132.0,1121.0,611.0,1757.0,906.0,-200.0,-200.0,-200.0
27.7,46.1,1.6852,1209.0,1182.0,546.0,1911.0,1255.0,-200.0,-200.0,-200.0
29.8,150.0,1.6029,1180.0,1157.0,568.0,1874.0,1202.0,-200.0,-200.0,-200.0
32.7,33.0,1.5987,1093.0,981.0,666.0,1676.0,733.0,166.0,82.0,2.0
25.7,48.7,1.5825,1095.0,1032.0,621.0,1730.0,984.0,187.0,98.0,2.1
25.2,50.1,1.58,1073.0,1009.0,639.0,1655.0,955.0,206.0,105.0,2.0
22.8,58.5,1.5992,953.0,858.0,742.0,1544.0,780.0,136.0,79.0,1.3
20.8,64.9,1.571,838.0,639.0,963.0,1391.0,596.0,72.0,48.0,0.5
19.7,66.8,1.5184,913.0,728.0,802.0,1418.0,887.0,121.0,63.0,0.6
33.3,24.4,1.232,1028.0,1060.0,686.0,1601.0,806.0,213.0,108.0,2.0
21.6,57.2,1.4607,1236.0,1297.0,542.0,1997.0,1321.0,93.0,27.0,2.9
25.2,47.9,1.5129,868.0,657.0,921.0,1356.0,764.0,-200.0,-200.0,-200.0
24.2,50.6,1.5011,850.0,632.0,954.0,1316.0,803.0,-200.0,-200.0,-200.0
36.4,23.6,1.4064,1113.0,1096.0,635.0,1636.0,1050.0,-200.0,-200.0,-200.0
38.8,17.6,1.1979,1130.0,1113.0,674.0,1623.0,1127.0,-200.0,-200.0,-200.0
26.0,45.3,1.4999,1197.0,1029.0,601.0,1628.0,1362.0,-200.0,-200.0,2.2
23.4,51.6,1.4639,1159.0,1016.0,595.0,1681.0,1260.0,-200.0,-200.0,1.9
25.4,38.6,1.2352,854.0,600.0,1102.0,1252.0,542.0,-200.0,-200.0,0.7
32.2,20.5,0.9699,810.0,597.0,1255.0,1106.0,361.0,-200.0,-200.0,0.6
24.8,40.1,1.2378,921.0,666.0,954.0,1288.0,480.0,-200.0,-200.0,1.0
29.2,28.6,1.1423,943.0,777.0,880.0,1333.0,632.0,-200.0,-200.0,1.3
24.0,43.7,1.2876,847.0,634.0,1012.0,1258.0,525.0,-200.0,-200.0,0.6
21.9,48.3,1.2522,856.0,687.0,955.0,1260.0,726.0,-200.0,-200.0,0.6
22.9,46.5,1.2861,882.0,711.0,936.0,1310.0,741.0,-200.0,-200.0,0.7
31.0,29.1,1.2885,1104.0,993.0,705.0,1539.0,1081.0,170.0,74.0,2.2
31.6,20.8,0.9562,919.0,862.0,851.0,1293.0,697.0,-200.0,-200.0,1.4
28.2,24.8,0.936,1254.0,1241.0,873.0,1463.0,1431.0,420.0,163.0,3.8
26.8,28.9,1.0019,1221.0,1174.0,874.0,1481.0,1413.0,344.0,155.0,2.8
25.4,30.5,0.9722,1100.0,999.0,984.0,1361.0,1145.0,251.0,131.0,2.0
23.2,30.5,0.8558,980.0,873.0,1088.0,1258.0,949.0,141.0,98.0,1.2
21.7,33.4,0.8545,813.0,631.0,1327.0,1108.0,710.0,91.0,65.0,0.4
21.0,35.6,0.8736,1289.0,1335.0,724.0,1681.0,1521.0,542.0,130.0,3.2
31.0,21.9,0.9708,1277.0,1292.0,800.0,1626.0,1481.0,590.0,171.0,3.1
29.3,30.7,1.229,1299.0,1197.0,763.0,1688.0,1606.0,407.0,165.0,3.6
23.7,39.1,1.1289,881.0,680.0,1175.0,1251.0,630.0,69.0,58.0,0.5
21.3,47.2,1.1825,1222.0,1083.0,729.0,1624.0,1273.0,-200.0,-200.0,-200.0
32.7,22.7,1.1044,1096.0,942.0,893.0,1366.0,826.0,-200.0,-200.0,-200.0
34.2,22.6,1.197,1145.0,971.0,883.0,1418.0,759.0,-200.0,-200.0,-200.0
19.5,72.0,1.6118,940.0,789.0,917.0,1473.0,914.0,-200.0,-200.0,-200.0
35.2,25.2,1.4111,1172.0,1145.0,735.0,1676.0,1049.0,275.0,128.0,2.3
21.3,59.4,1.4918,1087.0,964.0,774.0,1633.0,1103.0,-200.0,-200.0,-200.0
26.5,50.2,1.713,1409.0,1322.0,562.0,2004.0,1601.0,-200.0,-200.0,-200.0
32.3,35.9,1.7067,1228.0,1174.0,668.0,1788.0,1192.0,-200.0,-200.0,-200.0
20.3,77.2,1.8204,1071.0,842.0,873.0,1575.0,740.0,-200.0,-200.0,-200.0
20.6,76.2,1.8272,940.0,712.0,961.0,1499.0,848.0,-200.0,-200.0,-200.0
23.2,68.4,1.9243,1393.0,1340.0,529.0,2080.0,1500.0,-200.0,-200.0,-200.0
23.5,69.2,1.9776,1361.0,1324.0,540.0,2044.0,1549.0,-200.0,-200.0,-200.0
24.2,65.6,1.9501,1265.0,1184.0,619.0,1930.0,1270.0,-200.0,-200.0,-200.0
26.9,53.1,1.8557,1299.0,1220.0,624.0,1929.0,1319.0,341.0,112.0,3.3
22.1,67.3,1.7671,1127.0,989.0,752.0,1724.0,1096.0,203.0,74.0,1.8
21.1,70.1,1.7366,1060.0,925.0,772.0,1649.0,1161.0,339.0,109.0,1.6
19.7,74.4,1.6829,1066.0,982.0,740.0,1699.0,1065.0,239.0,53.0,1.4
20.4,72.8,1.7198,1420.0,1430.0,512.0,2194.0,1510.0,525.0,81.0,4.1
21.1,58.3,1.4444,1021.0,979.0,798.0,1580.0,958.0,248.0,95.0,1.7
23.3,46.2,1.301,1021.0,985.0,816.0,1524.0,977.0,339.0,107.0,1.9
23.0,49.3,1.3689,1167.0,1263.0,640.0,1790.0,1212.0,338.0,113.0,3.5
23.2,43.3,1.2161,1103.0,1143.0,741.0,1647.0,1089.0,310.0,116.0,2.7
24.7,37.1,1.1397,1040.0,946.0,827.0,1424.0,952.0,234.0,116.0,2.0
18.6,60.0,1.2757,969.0,886.0,863.0,1451.0,953.0,179.0,68.0,1.3
26.5,35.7,1.2149,1094.0,1002.0,755.0,1536.0,1114.0,272.0,110.0,2.2
19.9,62.3,1.4363,819.0,597.0,1112.0,1281.0,613.0,-200.0,-200.0,0.6
20.2,60.8,1.4243,823.0,631.0,1090.0,1304.0,671.0,69.0,47.0,0.5
26.5,31.7,1.0787,1167.0,1282.0,633.0,1685.0,1371.0,448.0,168.0,4.1
23.5,44.7,1.2755,908.0,732.0,966.0,1311.0,722.0,77.0,62.0,0.8
21.8,51.4,1.3272,822.0,612.0,1094.0,1254.0,594.0,-200.0,-200.0,0.5
20.8,55.9,1.3581,814.0,589.0,1119.0,1246.0,565.0,42.0,36.0,0.4
20.1,62.7,1.461,1514.0,1648.0,457.0,2400.0,1749.0,517.0,119.0,5.5
26.8,42.7,1.4864,1316.0,1298.0,562.0,1888.0,1584.0,510.0,172.0,3.7
23.4,59.9,1.6992,1110.0,1045.0,688.0,1638.0,1058.0,213.0,115.0,2.2
22.2,63.0,1.6673,865.0,694.0,989.0,1385.0,678.0,61.0,49.0,0.8
26.2,48.7,1.6256,1247.0,1206.0,600.0,1785.0,1233.0,313.0,148.0,3.3
25.1,50.5,1.584,1168.0,1070.0,667.0,1646.0,1102.0,228.0,116.0,2.3
22.7,53.7,1.458,969.0,835.0,859.0,1437.0,773.0,97.0,64.0,1.0
21.3,61.6,1.5452,1418.0,1328.0,546.0,2017.0,1427.0,535.0,114.0,3.5
25.7,47.8,1.5548,1358.0,1277.0,563.0,1892.0,1429.0,403.0,123.0,3.3
21.1,27.7,0.6853,877.0,844.0,1048.0,1193.0,669.0,112.0,43.0,1.3
13.5,59.4,0.9176,906.0,885.0,872.0,1304.0,912.0,-200.0,-200.0,1.4
19.8,38.6,0.8831,810.0,651.0,1170.0,1117.0,575.0,107.0,55.0,0.9
22.3,30.4,0.8063,842.0,711.0,1077.0,1160.0,516.0,110.0,59.0,0.9
14.1,61.7,0.9844,894.0,794.0,889.0,1266.0,908.0,179.0,71.0,0.9
19.7,40.2,0.9108,951.0,908.0,873.0,1314.0,904.0,275.0,94.0,1.8
15.3,51.9,0.8982,802.0,680.0,1091.0,1137.0,756.0,105.0,73.0,0.8
19.8,47.7,1.0885,1009.0,911.0,788.0,1359.0,1177.0,196.0,111.0,1.5
17.2,53.9,1.0498,929.0,805.0,879.0,1270.0,974.0,146.0,86.0,1.1
17.4,53.4,1.0541,790.0,601.0,1150.0,1157.0,734.0,70.0,60.0,0.5
14.9,59.2,0.9985,1100.0,1097.0,739.0,1516.0,1106.0,277.0,94.0,2.0
22.4,38.8,1.04,1310.0,1334.0,573.0,1747.0,1633.0,617.0,174.0,3.8
26.4,28.5,0.9658,1104.0,1099.0,698.0,1483.0,1147.0,290.0,129.0,2.4
20.3,47.8,1.1281,981.0,860.0,812.0,1298.0,1059.0,150.0,101.0,1.2
19.4,50.3,1.1201,947.0,798.0,869.0,1276.0,943.0,108.0,79.0,0.9
17.5,57.1,1.1311,911.0,710.0,932.0,1226.0,850.0,-200.0,-200.0,-200.0
25.6,43.4,1.4049,1290.0,1151.0,613.0,1638.0,1219.0,267.0,113.0,2.2
26.1,42.6,1.4172,1366.0,1223.0,578.0,1744.0,1288.0,308.0,121.0,2.8
20.8,64.3,1.563,1499.0,1501.0,469.0,2130.0,1565.0,433.0,97.0,4.1
26.6,43.7,1.5031,1229.0,1025.0,663.0,1588.0,1073.0,-200.0,-200.0,-200.0
27.1,43.3,1.5255,1109.0,843.0,769.0,1458.0,743.0,-200.0,-200.0,-200.0
18.3,67.5,1.4044,1100.0,1018.0,706.0,1573.0,1002.0,-200.0,-200.0,-200.0
24.2,49.0,1.4586,1374.0,1346.0,519.0,1910.0,1614.0,-200.0,-200.0,-200.0
27.1,40.2,1.4217,1188.0,1124.0,625.0,1655.0,1094.0,-200.0,-200.0,-200.0
27.4,39.8,1.4318,1227.0,1147.0,612.0,1707.0,1113.0,-200.0,-200.0,-200.0
21.2,59.3,1.4787,1039.0,936.0,731.0,1499.0,1121.0,-200.0,-200.0,-200.0
27.4,43.9,1.5811,1402.0,1213.0,530.0,1789.0,1348.0,-200.0,-200.0,-200.0
28.7,37.3,1.4486,1527.0,1419.0,476.0,1966.0,1507.0,-200.0,-200.0,-200.0
19.7,66.4,1.5035,1468.0,1280.0,518.0,1899.0,1423.0,-200.0,-200.0,-200.0
28.7,38.4,1.486,1389.0,1311.0,525.0,1845.0,1748.0,339.0,98.0,3.5
26.4,45.9,1.5572,1352.0,1296.0,534.0,1846.0,1337.0,211.0,84.0,2.3
24.6,52.2,1.5951,1221.0,1061.0,619.0,1615.0,1178.0,163.0,76.0,1.5
21.9,61.5,1.5967,1158.0,923.0,673.0,1519.0,1072.0,142.0,62.0,1.3
21.1,64.5,1.594,1150.0,871.0,697.0,1502.0,1030.0,155.0,58.0,1.4
21.5,63.7,1.6186,1453.0,1298.0,489.0,1940.0,1497.0,470.0,69.0,3.2
24.7,56.9,1.7438,1520.0,1217.0,552.0,1812.0,1357.0,409.0,103.0,3.7
24.8,59.6,1.8351,1229.0,941.0,680.0,1653.0,1040.0,220.0,68.0,1.9
24.5,58.8,1.7838,1228.0,952.0,668.0,1622.0,1110.0,301.0,81.0,2.3
19.8,78.0,1.7879,1031.0,732.0,872.0,1476.0,704.0,162.0,69.0,1.3
20.8,73.1,1.7695,1143.0,890.0,744.0,1578.0,848.0,224.0,71.0,1.8
20.2,67.9,1.5901,1021.0,811.0,794.0,1502.0,837.0,135.0,52.0,1.4
21.1,64.0,1.5795,1225.0,1155.0,607.0,1738.0,1159.0,379.0,91.0,2.7
21.9,57.6,1.4942,1179.0,1120.0,634.0,1667.0,1119.0,352.0,97.0,2.5
21.7,59.1,1.5115,1435.0,1429.0,499.0,2072.0,1449.0,479.0,109.0,4.8
20.0,63.3,1.4672,1052.0,987.0,700.0,1556.0,1102.0,224.0,62.0,1.9
19.7,49.1,1.1148,962.0,911.0,793.0,1380.0,872.0,-200.0,-200.0,-200.0
16.7,54.1,1.0212,1066.0,1140.0,670.0,1577.0,1032.0,-200.0,-200.0,-200.0
18.0,46.1,0.9401,945.0,886.0,818.0,1307.0,827.0,-200.0,-200.0,-200.0
15.3,58.7,1.0154,984.0,910.0,795.0,1348.0,875.0,-200.0,-200.0,-200.0
14.8,57.3,0.9603,943.0,867.0,834.0,1314.0,891.0,-200.0,-200.0,-200.0
14.9,57.1,0.9581,863.0,732.0,970.0,1207.0,724.0,-200.0,-200.0,-200.0
15.1,56.9,0.9673,861.0,712.0,1004.0,1197.0,718.0,-200.0,-200.0,-200.0
18.8,60.8,1.3036,1211.0,1135.0,615.0,1682.0,1234.0,-200.0,-200.0,-200.0
14.8,83.8,1.4005,934.0,730.0,906.0,1345.0,757.0,-200.0,-200.0,-200.0
15.2,79.4,1.3605,839.0,604.0,1097.0,1259.0,605.0,-200.0,-200.0,-200.0
14.8,81.9,1.3735,879.0,681.0,992.0,1312.0,703.0,-200.0,-200.0,-200.0
14.6,82.9,1.3706,1095.0,977.0,725.0,1562.0,998.0,-200.0,-200.0,-200.0
15.6,77.1,1.3527,1354.0,1358.0,519.0,1942.0,1403.0,-200.0,-200.0,-200.0
18.6,60.4,1.2817,924.0,766.0,902.0,1357.0,752.0,-200.0,-200.0,-200.0
14.7,80.7,1.3414,869.0,649.0,1033.0,1249.0,631.0,-200.0,-200.0,-200.0
22.0,38.9,1.0154,944.0,910.0,828.0,1342.0,777.0,-200.0,-200.0,-200.0
20.2,45.6,1.0663,966.0,906.0,819.0,1354.0,741.0,-200.0,-200.0,-200.0
15.4,78.1,1.3557,929.0,698.0,991.0,1307.0,610.0,-200.0,-200.0,-200.0
20.9,-5.0,0.9866,1053.0,1072.0,733.0,1495.0,832.0,-200.0,-200.0,-200.0
18.2,46.0,0.9538,1105.0,1074.0,712.0,1457.0,1050.0,-200.0,-200.0,-200.0
14.8,64.3,1.073,856.0,732.0,988.0,1247.0,714.0,-200.0,-200.0,-200.0
14.0,76.6,1.2202,910.0,773.0,842.0,1303.0,851.0,-200.0,-200.0,-200.0
14.9,73.8,1.24,932.0,792.0,818.0,1323.0,903.0,-200.0,-200.0,-200.0
15.2,73.4,1.2626,1117.0,1031.0,669.0,1528.0,1107.0,-200.0,-200.0,-200.0
16.6,68.4,1.2829,1526.0,1552.0,441.0,2074.0,1802.0,-200.0,-200.0,-200.0
21.3,60.8,1.5205,1401.0,1326.0,530.0,1887.0,1629.0,-200.0,-200.0,-200.0
21.2,62.2,1.5473,1478.0,1447.0,474.0,2017.0,1664.0,-200.0,-200.0,-200.0
18.8,73.7,1.5785,1369.0,1305.0,513.0,1851.0,1421.0,-200.0,-200.0,-200.0
19.5,69.7,1.5596,1103.0,979.0,666.0,1520.0,1156.0,-200.0,-200.0,-200.0
24.6,58.9,1.8005,1884.0,1846.0,348.0,2595.0,2203.0,895.0,194.0,8.0
22.0,69.2,1.8061,1506.0,1360.0,458.0,1944.0,1609.0,529.0,113.0,4.7
21.7,69.7,1.7872,1481.0,1359.0,467.0,1957.0,1518.0,486.0,105.0,4.4
26.6,49.3,1.6872,1263.0,1143.0,578.0,1736.0,1310.0,-200.0,-200.0,2.6
19.6,71.3,1.612,930.0,741.0,849.0,1392.0,843.0,125.0,48.0,-200.0
20.4,66.7,1.5781,1500.0,1503.0,437.0,2158.0,1927.0,465.0,91.0,4.1
26.0,51.9,1.7148,1459.0,1375.0,467.0,2007.0,1690.0,412.0,111.0,3.8
24.3,54.3,1.6276,1808.0,1771.0,373.0,2486.0,2235.0,686.0,163.0,8.4
21.3,66.1,1.6556,1251.0,1107.0,579.0,1657.0,1407.0,297.0,91.0,2.5
20.4,66.7,1.583,1146.0,983.0,673.0,1518.0,1136.0,201.0,71.0,1.7
27.2,43.0,1.5246,1324.0,1181.0,565.0,1747.0,1318.0,360.0,115.0,3.0
20.0,69.5,1.6109,1302.0,1088.0,594.0,1639.0,1297.0,271.0,84.0,2.6
20.2,65.8,1.535,1010.0,860.0,768.0,1450.0,1212.0,118.0,62.0,1.2
15.8,79.6,1.417,1020.0,866.0,749.0,1440.0,1087.0,253.0,59.0,1.2
16.0,76.3,1.3772,1316.0,1253.0,527.0,1780.0,1566.0,521.0,77.0,3.2
20.0,63.9,1.4805,1351.0,1298.0,498.0,1821.0,1577.0,565.0,111.0,3.5
21.5,60.9,1.5398,1454.0,1380.0,457.0,1947.0,1672.0,568.0,117.0,3.8
17.7,75.6,1.5226,1313.0,1285.0,505.0,1803.0,1373.0,464.0,82.0,3.5
15.5,78.5,1.3782,912.0,788.0,822.0,1331.0,847.0,127.0,48.0,1.0
16.3,75.9,1.3991,1392.0,1429.0,469.0,1990.0,1494.0,581.0,93.0,4.5
22.2,61.0,1.6071,1664.0,1699.0,385.0,2305.0,2062.0,685.0,134.0,6.2
17.7,78.8,1.5855,1075.0,878.0,734.0,1495.0,948.0,169.0,78.0,1.6
19.9,65.3,1.5066,1118.0,1096.0,647.0,1649.0,1130.0,257.0,102.0,2.1
18.2,71.4,1.4776,1184.0,1157.0,586.0,1685.0,1273.0,338.0,94.0,2.8
17.8,71.2,1.4396,990.0,898.0,748.0,1442.0,1006.0,176.0,75.0,1.4
14.8,78.7,1.3169,866.0,734.0,899.0,1299.0,770.0,109.0,45.0,0.9
14.8,79.7,1.3286,881.0,724.0,913.0,1277.0,776.0,-200.0,-200.0,0.7
20.1,62.6,1.4543,950.0,782.0,862.0,1331.0,807.0,127.0,69.0,1.2
17.3,76.3,1.4919,1038.0,856.0,801.0,1415.0,905.0,284.0,116.0,1.8
16.7,79.7,1.503,922.0,783.0,857.0,1367.0,825.0,192.0,76.0,1.0
19.7,68.6,1.5563,972.0,799.0,833.0,1425.0,825.0,199.0,72.0,1.5
22.9,65.7,1.8148,1062.0,880.0,719.0,1580.0,924.0,161.0,62.0,1.5
19.2,74.7,1.6398,1061.0,962.0,679.0,1554.0,1395.0,200.0,45.0,1.8
23.8,65.0,1.8897,1348.0,1157.0,564.0,1810.0,1307.0,376.0,88.0,3.1
17.1,72.8,1.4054,1316.0,1317.0,538.0,1860.0,1336.0,607.0,85.0,3.4
19.2,68.8,1.5097,1138.0,1113.0,610.0,1641.0,1203.0,337.0,66.0,2.6
16.4,74.4,1.3779,836.0,647.0,985.0,1271.0,777.0,65.0,37.0,-200.0
18.8,62.5,1.3401,1177.0,1166.0,621.0,1667.0,1157.0,297.0,75.0,2.2
26.6,42.5,1.4568,1192.0,1085.0,617.0,1638.0,1170.0,266.0,79.0,2.5
22.4,55.2,1.4735,1266.0,1261.0,541.0,1807.0,1285.0,355.0,97.0,3.3
19.5,67.6,1.5156,1187.0,1122.0,589.0,1641.0,1208.0,313.0,77.0,2.7
16.0,72.2,1.3077,1348.0,1357.0,526.0,1833.0,1324.0,464.0,84.0,3.5
23.7,49.8,1.4433,1305.0,1223.0,545.0,1720.0,1414.0,460.0,120.0,-200.0
25.9,42.8,1.4122,1414.0,1414.0,478.0,1896.0,1588.0,486.0,139.0,-200.0
22.2,63.7,1.6865,1589.0,1619.0,406.0,2216.0,1780.0,633.0,124.0,5.8
16.2,70.1,1.2837,1210.0,1188.0,583.0,1575.0,1129.0,305.0,75.0,2.0
19.6,58.3,1.3141,1477.0,1443.0,469.0,1878.0,1646.0,658.0,126.0,4.5
20.8,56.3,1.3664,1354.0,1321.0,504.0,1799.0,1496.0,445.0,107.0,3.3
21.7,53.1,1.3649,1385.0,1354.0,490.0,1823.0,1506.0,455.0,114.0,3.6
23.0,49.0,1.362,1460.0,1430.0,466.0,1932.0,1604.0,524.0,125.0,4.4
17.8,66.9,1.3464,1050.0,881.0,732.0,1363.0,982.0,162.0,69.0,1.3
17.0,64.5,1.2374,852.0,641.0,1012.0,1172.0,710.0,83.0,44.0,0.5
20.4,57.0,1.3507,1391.0,1214.0,518.0,1691.0,1435.0,490.0,112.0,3.3
20.7,59.3,1.4283,1463.0,1280.0,482.0,1794.0,1544.0,496.0,121.0,3.5
20.0,58.4,1.3473,1273.0,1137.0,586.0,1563.0,1231.0,356.0,91.0,2.8
18.0,60.4,1.2331,1072.0,880.0,767.0,1318.0,928.0,224.0,80.0,1.9
17.1,59.2,1.1477,914.0,741.0,891.0,1210.0,803.0,-200.0,-200.0,1.2
15.5,42.4,0.74,777.0,580.0,1263.0,963.0,465.0,100.0,58.0,0.7
18.0,34.7,0.7089,805.0,632.0,1176.0,1033.0,475.0,115.0,63.0,0.7
10.2,71.6,0.8893,847.0,630.0,1057.0,1091.0,537.0,106.0,59.0,0.9
9.5,57.9,0.6877,1189.0,1381.0,566.0,1574.0,1426.0,-200.0,-200.0,-200.0
4.4,71.4,0.6024,720.0,540.0,1296.0,938.0,613.0,-200.0,-200.0,-200.0
11.0,58.8,0.7705,1013.0,905.0,816.0,1201.0,923.0,-200.0,-200.0,1.6
8.3,76.5,0.8426,1236.0,1206.0,615.0,1523.0,1166.0,-200.0,-200.0,3.5
6.9,82.3,0.8244,843.0,622.0,1146.0,1060.0,555.0,-200.0,-200.0,0.7
10.5,62.2,0.7923,1055.0,1007.0,736.0,1301.0,1019.0,457.0,145.0,2.7
9.2,73.9,0.8616,960.0,838.0,797.0,1189.0,996.0,219.0,97.0,1.4
8.1,78.1,0.8452,934.0,787.0,822.0,1147.0,974.0,-200.0,-200.0,1.2
12.5,73.2,1.0563,1186.0,1125.0,617.0,1493.0,1171.0,659.0,184.0,3.4
11.5,78.1,1.0565,1109.0,1021.0,689.0,1361.0,1036.0,395.0,168.0,2.8
11.6,76.0,1.0354,1201.0,1196.0,597.0,1546.0,1196.0,573.0,187.0,3.9
14.1,64.5,1.0287,849.0,604.0,1086.0,1108.0,604.0,117.0,67.0,0.6
14.0,66.1,1.0488,1001.0,798.0,855.0,1257.0,794.0,266.0,113.0,1.4
14.9,62.5,1.0529,978.0,831.0,807.0,1257.0,838.0,257.0,116.0,1.6
16.9,56.5,1.0801,1014.0,843.0,791.0,1297.0,866.0,279.0,116.0,1.7
17.7,55.5,1.1127,1129.0,1028.0,661.0,1480.0,1050.0,352.0,126.0,2.4
16.5,58.8,1.0921,1251.0,1264.0,561.0,1677.0,1289.0,470.0,160.0,3.9
20.8,45.5,1.1054,1149.0,998.0,664.0,1434.0,1101.0,368.0,133.0,2.3
11.1,38.1,0.5023,925.0,923.0,841.0,1115.0,944.0,442.0,162.0,2.4
12.6,36.6,0.5314,883.0,849.0,910.0,1053.0,843.0,361.0,141.0,1.8
13.8,36.2,0.569,894.0,820.0,932.0,1072.0,820.0,288.0,127.0,1.6
13.5,34.9,0.5393,867.0,842.0,909.0,1077.0,737.0,300.0,104.0,1.8
17.5,26.4,0.5228,1160.0,1165.0,655.0,1325.0,1403.0,713.0,219.0,3.5
17.9,22.3,0.4537,985.0,1011.0,779.0,1138.0,1010.0,425.0,148.0,2.2
9.5,51.0,0.6045,974.0,764.0,910.0,1029.0,992.0,196.0,107.0,1.7
14.1,39.2,0.6278,1268.0,1180.0,593.0,1323.0,1632.0,-200.0,-200.0,-200.0
7.5,69.3,0.7201,912.0,685.0,934.0,1050.0,876.0,-200.0,-200.0,1.3
7.7,72.5,0.7666,1407.0,1339.0,531.0,1584.0,1533.0,992.0,225.0,4.5
11.4,58.3,0.7868,1446.0,1374.0,499.0,1560.0,1818.0,1195.0,282.0,5.6
18.4,49.6,1.0391,1321.0,1178.0,552.0,1539.0,1491.0,381.0,182.0,3.1
18.3,51.0,1.0586,1362.0,1223.0,535.0,1597.0,1517.0,541.0,212.0,3.8
18.3,52.3,1.0922,1247.0,1142.0,574.0,1547.0,1199.0,469.0,222.0,5.0
6.3,44.8,0.431,974.0,1019.0,769.0,1122.0,1159.0,412.0,177.0,2.0
5.2,50.8,0.452,1187.0,1114.0,700.0,1193.0,1433.0,572.0,216.0,2.5
3.2,57.0,0.4434,877.0,793.0,944.0,951.0,924.0,253.0,132.0,0.5
10.9,33.8,0.4393,1067.0,981.0,755.0,1104.0,1383.0,402.0,186.0,1.5
7.1,43.2,0.436,1136.0,885.0,806.0,1006.0,1403.0,348.0,163.0,1.3
5.9,47.8,0.4459,1049.0,864.0,818.0,1010.0,1327.0,267.0,145.0,0.8
3.7,56.3,0.4544,870.0,684.0,997.0,895.0,936.0,-200.0,-200.0,0.1
6.2,51.8,0.4952,1394.0,2214.0,411.0,1629.0,2311.0,801.0,218.0,3.1
6.8,49.8,0.4959,1252.0,1439.0,559.0,1383.0,1798.0,884.0,239.0,2.7
8.0,49.2,0.5282,1369.0,1434.0,489.0,1539.0,1883.0,953.0,237.0,3.6
8.5,49.6,0.5517,1411.0,1371.0,500.0,1484.0,1919.0,1058.0,235.0,3.5
8.9,54.2,0.6183,1706.0,1641.0,381.0,1778.0,2522.0,1218.0,239.0,6.5
13.9,67.6,1.0666,1769.0,1624.0,396.0,2041.0,2202.0,1189.0,233.0,7.3
13.6,71.0,1.1018,1821.0,1673.0,371.0,2119.0,2201.0,1201.0,215.0,7.3
13.2,72.6,1.0936,1982.0,1959.0,322.0,2536.0,2386.0,1369.0,227.0,10.2
10.4,79.3,0.9993,1693.0,1590.0,412.0,1949.0,2025.0,1189.0,178.0,8.3
10.0,76.1,0.9329,1429.0,1401.0,475.0,1698.0,1689.0,812.0,144.0,5.3
4.0,85.7,0.7041,1053.0,955.0,710.0,1154.0,1050.0,486.0,94.0,2.2
4.0,83.1,0.682,1057.0,1004.0,702.0,1204.0,1080.0,585.0,100.0,2.2
10.0,63.4,0.7791,1315.0,1300.0,547.0,1531.0,1659.0,807.0,190.0,4.6
15.4,43.0,0.7483,1104.0,1028.0,696.0,1263.0,1227.0,279.0,109.0,2.0
12.7,77.5,1.1339,1531.0,1238.0,619.0,1583.0,1774.0,685.0,140.0,4.2
12.4,78.4,1.1269,1424.0,1145.0,641.0,1482.0,1615.0,574.0,122.0,3.8
13.7,76.3,1.1932,1298.0,1017.0,727.0,1418.0,1193.0,398.0,110.0,2.5
15.6,71.4,1.2596,1567.0,1300.0,473.0,1753.0,1743.0,745.0,158.0,4.7
10.6,79.4,1.0133,1250.0,989.0,665.0,1343.0,1204.0,327.0,88.0,2.5
10.5,78.6,0.9976,1046.0,817.0,790.0,1214.0,957.0,-200.0,-200.0,-200.0
8.9,77.1,0.8804,848.0,560.0,1206.0,1045.0,644.0,62.0,44.0,0.7
10.2,78.4,0.9757,1203.0,988.0,658.0,1350.0,1315.0,412.0,113.0,3.0
8.9,83.0,0.9487,993.0,720.0,891.0,1143.0,925.0,156.0,66.0,1.5
16.8,58.7,1.1109,1114.0,872.0,857.0,1310.0,991.0,197.0,98.0,1.9
16.5,59.2,1.1021,1022.0,744.0,1224.0,1210.0,847.0,149.0,87.0,1.4
13.7,70.9,1.1076,1312.0,1177.0,711.0,1588.0,1261.0,439.0,141.0,3.6
15.3,54.3,0.9357,1113.0,980.0,984.0,1311.0,995.0,278.0,109.0,2.2
11.9,62.3,0.8674,1362.0,1373.0,755.0,1698.0,1461.0,600.0,159.0,5.2
9.8,79.4,0.9626,1039.0,880.0,1198.0,1251.0,933.0,273.0,113.0,2.2
9.1,80.0,0.9299,900.0,701.0,1955.0,1127.0,749.0,117.0,76.0,1.2
12.3,78.8,1.1279,1547.0,1532.0,1009.0,1972.0,1718.0,1040.0,185.0,7.5
11.3,83.1,1.1089,1060.0,877.0,1648.0,1313.0,929.0,327.0,107.0,2.0
11.7,77.8,1.0689,975.0,787.0,1812.0,1238.0,844.0,223.0,96.0,1.9
13.3,70.7,1.0749,1477.0,1501.0,444.0,1972.0,1691.0,860.0,139.0,5.0
16.4,61.9,1.1465,1295.0,1205.0,538.0,1579.0,1476.0,668.0,128.0,3.4
16.7,67.3,1.2707,1516.0,1423.0,455.0,1881.0,1688.0,774.0,151.0,4.9
15.3,73.6,1.2691,1646.0,1570.0,401.0,2049.0,1846.0,964.0,154.0,6.6
13.8,85.5,1.3469,988.0,709.0,897.0,1267.0,785.0,178.0,82.0,0.9
14.6,81.6,1.3448,1555.0,1377.0,455.0,1834.0,1621.0,897.0,154.0,5.1
16.4,72.1,1.336,1280.0,1144.0,555.0,1599.0,1624.0,481.0,144.0,3.0
17.7,68.3,1.3713,1648.0,1612.0,401.0,2177.0,1885.0,858.0,173.0,6.9
12.1,79.4,1.1201,1166.0,1013.0,643.0,1408.0,1144.0,451.0,90.0,2.9
12.4,77.1,1.1072,1024.0,822.0,800.0,1266.0,954.0,277.0,70.0,1.3
11.9,88.7,1.2352,1187.0,961.0,685.0,1408.0,1017.0,497.0,115.0,2.6
12.3,67.5,0.9624,862.0,639.0,1033.0,1100.0,727.0,148.0,81.0,1.0
12.0,80.8,1.1264,1061.0,887.0,745.0,1367.0,889.0,246.0,86.0,1.8
12.1,75.5,1.0669,987.0,746.0,880.0,1212.0,833.0,281.0,103.0,2.0
12.2,78.8,1.1178,1012.0,817.0,819.0,1314.0,878.0,302.0,89.0,1.3
17.3,57.1,1.1161,1173.0,1170.0,597.0,1551.0,1289.0,379.0,115.0,2.9
16.4,59.5,1.1017,1237.0,1239.0,570.0,1620.0,1389.0,387.0,123.0,3.1
14.0,66.1,1.05,966.0,770.0,900.0,1206.0,956.0,191.0,74.0,1.4
12.5,65.8,0.9538,1236.0,1203.0,681.0,1566.0,1311.0,499.0,114.0,3.4
17.4,53.3,1.0528,1357.0,1339.0,657.0,1583.0,1639.0,572.0,141.0,3.5
14.9,58.4,0.9843,1115.0,1036.0,649.0,1381.0,1200.0,289.0,99.0,2.4
14.6,60.6,1.0033,1111.0,887.0,720.0,1262.0,1132.0,244.0,92.0,1.8
11.6,72.5,0.9916,1080.0,896.0,1075.0,1262.0,1033.0,212.0,75.0,1.7
12.8,66.3,0.9804,947.0,666.0,985.0,1115.0,795.0,159.0,68.0,1.0
13.1,66.2,0.9933,1111.0,884.0,751.0,1280.0,1025.0,310.0,81.0,1.7
14.9,65.7,1.105,926.0,649.0,1035.0,1145.0,741.0,134.0,83.0,1.0
14.8,48.4,0.8069,948.0,799.0,1539.0,1145.0,827.0,226.0,105.0,1.7
11.7,38.1,0.5223,734.0,478.0,2294.0,805.0,378.0,51.0,39.0,0.4
12.3,150.0,0.5086,919.0,795.0,2327.0,998.0,822.0,315.0,110.0,1.4
18.1,20.8,0.4274,934.0,914.0,873.0,1016.0,834.0,324.0,111.0,1.7
12.8,22.5,0.3309,802.0,743.0,1051.0,826.0,751.0,202.0,110.0,1.3
11.7,33.8,0.4623,890.0,688.0,1015.0,897.0,840.0,-200.0,-200.0,1.1
17.8,23.6,0.4766,1095.0,1067.0,702.0,1152.0,1216.0,389.0,133.0,2.6
4.0,69.0,0.5661,992.0,853.0,821.0,1052.0,1038.0,323.0,111.0,1.9
7.9,59.2,0.6331,1021.0,808.0,961.0,1048.0,1098.0,224.0,102.0,2.0
6.4,63.3,0.6123,868.0,567.0,1238.0,919.0,823.0,91.0,64.0,0.7
13.9,42.8,0.6761,1410.0,1363.0,690.0,1515.0,2014.0,696.0,187.0,4.1
9.0,70.1,0.8036,1103.0,928.0,715.0,1174.0,1287.0,327.0,112.0,1.7
8.0,70.6,0.7607,918.0,704.0,920.0,1032.0,932.0,-200.0,-200.0,1.0
6.8,75.4,0.7475,895.0,663.0,977.0,1007.0,866.0,165.0,74.0,0.8
7.6,70.6,0.7371,1406.0,1483.0,478.0,1767.0,1708.0,581.0,139.0,4.4
16.7,47.3,0.8883,1383.0,1314.0,785.0,1538.0,1793.0,524.0,188.0,3.3
,-200.0,-200.0,-200.0,-200.0,-200.0,-200.0,-200.0,1159.0,257.0,7.4
-200.0,-200.0,-200.0,-200.0,-200.0,-200.0,-200.0,-200.0,244.0,82.0,1.0
-200.0,,-200.0,-200.0,-200.0,-200.0,-200.0,-200.0,803.0,167.0,4.9
,-200.0,-200.0,-200.0,-200.0,-200.0,-200.0,-200.0,861.0,181.0,4.3
-200.0,,-200.0,-200.0,-200.0,-200.0,-200.0,-200.0,289.0,100.0,2.0
,-200.0,-200.0,-200.0,-200.0,-200.0,-200.0,-200.0,191.0,81.0,-200.0
-200.0,-200.0,-200.0,-200.0,-200.0,-200.0,-200.0,-200.0,398.0,99.0,1.6
-200.0,-200.0,-200.0,-200.0,-200.0,-200.0,-200.0,-200.0,1237.0,203.0,8.6
,-200.0,-200.0,-200.0,-200.0,-200.0,-200.0,-200.0,371.0,112.0,1.8
,-200.0,-200.0,-200.0,-200.0,-200.0,-200.0,-200.0,854.0,137.0,4.1
-200.0,,-200.0,-200.0,-200.0,-200.0,-200.0,-200.0,963.0,198.0,5.1
-200.0,,-200.0,-200.0,-200.0,-200.0,-200.0,-200.0,446.0,150.0,3.2
-200.0,-200.0,-200.0,-200.0,-200.0,-200.0,-200.0,-200.0,407.0,138.0,3.2
13.3,-5.0,1.0376,1325.0,1191.0,564.0,1542.0,1389.0,403.0,130.0,3.3
13.2,72.8,1.0984,1316.0,1099.0,610.0,1451.0,1268.0,412.0,137.0,3.1
12.9,72.1,1.0658,1109.0,855.0,787.0,1220.0,866.0,244.0,121.0,2.1
11.8,76.3,1.0547,1034.0,719.0,858.0,1189.0,845.0,153.0,86.0,1.0
12.4,19.6,0.2797,784.0,744.0,1080.0,802.0,608.0,219.0,102.0,1.2
9.4,27.4,0.3239,993.0,1030.0,805.0,1005.0,1154.0,414.0,146.0,2.3
7.9,39.0,0.4154,1215.0,1167.0,664.0,1181.0,1426.0,600.0,164.0,3.6
6.3,44.7,0.4293,879.0,722.0,1014.0,878.0,873.0,-200.0,-200.0,1.0
5.2,73.1,0.6535,1228.0,1068.0,658.0,1264.0,1238.0,405.0,134.0,3.0
8.9,57.4,0.6575,934.0,766.0,878.0,1047.0,836.0,269.0,111.0,2.9
9.4,44.9,0.5296,838.0,699.0,1015.0,944.0,546.0,152.0,89.0,2.2
8.4,45.4,0.5035,1037.0,1047.0,869.0,1159.0,1042.0,355.0,151.0,4.1
6.5,41.7,0.4047,1175.0,1248.0,661.0,1308.0,1377.0,516.0,175.0,3.9
4.5,51.8,0.4418,932.0,701.0,944.0,875.0,936.0,254.0,124.0,0.9
8.1,32.5,0.3516,1028.0,1025.0,774.0,1024.0,1160.0,357.0,136.0,3.3
11.0,33.0,0.4331,1205.0,1079.0,652.0,1168.0,1476.0,512.0,175.0,3.3
8.0,55.9,0.6018,1419.0,1254.0,524.0,1406.0,1950.0,670.0,167.0,6.0
9.4,66.1,0.7816,1505.0,1168.0,525.0,1447.0,2066.0,567.0,169.0,5.9
8.9,70.5,0.8056,1251.0,924.0,644.0,1246.0,1568.0,231.0,106.0,2.0
12.1,61.8,0.8723,1331.0,966.0,633.0,1266.0,1745.0,266.0,159.0,2.4
11.2,70.8,0.9386,1651.0,1234.0,501.0,1513.0,2020.0,527.0,184.0,4.6
10.8,78.7,1.0202,900.0,522.0,1242.0,1070.0,471.0,61.0,55.0,0.5
11.5,72.6,0.9846,1036.0,685.0,942.0,1168.0,776.0,183.0,112.0,1.0
12.8,65.5,0.964,1124.0,799.0,775.0,1231.0,969.0,277.0,134.0,1.6
12.3,75.4,1.0768,1423.0,1116.0,553.0,1531.0,1369.0,550.0,146.0,3.5
11.6,68.9,0.9411,954.0,630.0,988.0,1107.0,664.0,134.0,92.0,1.1
11.5,67.4,0.9106,875.0,548.0,1165.0,1049.0,525.0,-200.0,-200.0,0.6
12.5,57.3,0.8269,862.0,535.0,1193.0,1020.0,524.0,93.0,67.0,0.5
11.5,68.7,0.9302,1205.0,943.0,688.0,1361.0,1052.0,368.0,133.0,1.9
15.0,57.2,0.9698,1034.0,763.0,840.0,1192.0,761.0,163.0,97.0,1.4
9.8,69.4,0.8397,916.0,623.0,962.0,1064.0,725.0,-200.0,-200.0,-200.0
9.7,73.1,0.8772,1088.0,839.0,760.0,1236.0,951.0,-200.0,-200.0,-200.0
9.1,77.1,0.8947,1456.0,1389.0,443.0,1808.0,1504.0,-200.0,-200.0,-200.0
11.1,55.3,0.7325,938.0,729.0,874.0,1060.0,702.0,-200.0,-200.0,-200.0
11.2,45.1,0.5971,1033.0,939.0,729.0,1159.0,979.0,-200.0,-200.0,-200.0
12.1,31.1,0.4383,844.0,689.0,1040.0,867.0,545.0,-200.0,-200.0,-200.0
12.3,29.7,0.4226,900.0,794.0,906.0,930.0,710.0,-200.0,-200.0,-200.0
7.4,45.7,0.4714,744.0,431.0,1539.0,778.0,345.0,-200.0,-200.0,-200.0
6.9,49.3,0.4913,753.0,426.0,1568.0,792.0,337.0,-200.0,-200.0,-200.0
12.0,31.1,0.434,912.0,794.0,885.0,943.0,731.0,-200.0,-200.0,-200.0
12.7,28.4,0.416,872.0,717.0,991.0,882.0,592.0,-200.0,-200.0,-200.0
9.8,34.0,0.4112,932.0,817.0,883.0,942.0,854.0,-200.0,-200.0,-200.0
6.8,48.6,0.4822,1011.0,782.0,846.0,992.0,1019.0,225.0,113.0,1.7
12.5,32.3,0.467,1085.0,896.0,760.0,1049.0,1138.0,299.0,147.0,2.2
,-200.0,-200.0,-200.0,-200.0,-200.0,-200.0,-200.0,470.0,160.0,2.9
-200.0,,-200.0,-200.0,-200.0,-200.0,-200.0,-200.0,728.0,190.0,5.0
,-200.0,-200.0,-200.0,-200.0,-200.0,-200.0,-200.0,561.0,174.0,3.4
-200.0,,-200.0,-200.0,-200.0,-200.0,-200.0,-200.0,608.0,196.0,3.3
7.9,72.1,0.7679,1219.0,889.0,649.0,1186.0,1405.0,260.0,111.0,2.0
7.6,72.7,0.7598,1187.0,850.0,653.0,1169.0,1383.0,242.0,109.0,1.7
7.5,71.7,0.7439,1225.0,904.0,644.0,1194.0,1460.0,267.0,110.0,1.8
8.6,69.0,0.7732,1489.0,1193.0,497.0,1475.0,1776.0,670.0,148.0,3.7
15.6,54.0,0.9515,1124.0,805.0,726.0,1233.0,938.0,240.0,128.0,1.6
12.6,57.7,0.8387,1341.0,1142.0,536.0,1454.0,1537.0,564.0,168.0,3.3
7.2,78.5,0.803,1478.0,1357.0,473.0,1652.0,1639.0,723.0,178.0,5.7
7.4,150.0,0.7434,973.0,675.0,903.0,1029.0,905.0,184.0,94.0,1.2
12.6,65.2,0.9474,1616.0,1363.0,442.0,1701.0,1918.0,833.0,196.0,5.5
13.5,62.6,0.9644,1198.0,943.0,647.0,1307.0,1291.0,371.0,151.0,2.4
14.1,59.6,0.9563,1102.0,813.0,764.0,1204.0,1000.0,213.0,123.0,1.6
14.0,61.4,0.9773,1120.0,826.0,750.0,1222.0,974.0,242.0,127.0,1.7
13.2,64.2,0.9706,1112.0,791.0,764.0,1216.0,934.0,218.0,118.0,1.3
12.5,67.3,0.9743,929.0,556.0,1035.0,1094.0,575.0,60.0,46.0,0.6
13.1,63.4,0.9535,944.0,586.0,977.0,1090.0,586.0,93.0,61.0,0.6
13.2,69.9,1.0526,1052.0,704.0,807.0,1210.0,909.0,141.0,96.0,1.2
14.0,65.4,1.0427,1451.0,1298.0,452.0,1744.0,1634.0,575.0,148.0,2.6
14.1,66.0,1.0539,1372.0,1210.0,484.0,1629.0,1491.0,420.0,139.0,2.0
12.3,68.0,0.9734,977.0,629.0,908.0,1129.0,835.0,106.0,78.0,0.7
11.7,69.8,0.9612,1126.0,775.0,760.0,1205.0,1019.0,236.0,101.0,1.3
12.1,67.6,0.95,1474.0,1268.0,502.0,1677.0,1503.0,583.0,136.0,3.2
13.4,57.9,0.8895,1363.0,1192.0,499.0,1501.0,1637.0,531.0,148.0,3.1
13.2,61.8,0.9313,1428.0,1288.0,465.0,1580.0,1629.0,487.0,146.0,3.6
12.6,63.9,0.9307,1438.0,1251.0,470.0,1593.0,1622.0,595.0,156.0,4.1
8.8,79.4,0.9033,1182.0,951.0,634.0,1327.0,1143.0,479.0,109.0,1.8
6.9,80.7,0.8054,1027.0,824.0,753.0,1171.0,969.0,-200.0,-200.0,1.6
6.2,82.1,0.7825,915.0,695.0,883.0,1094.0,826.0,192.0,86.0,1.1
7.0,77.3,0.7759,891.0,666.0,931.0,1058.0,798.0,161.0,77.0,0.9
7.1,73.9,0.7515,1090.0,830.0,744.0,1125.0,1056.0,224.0,98.0,1.8
7.1,73.5,0.7439,1032.0,736.0,809.0,1064.0,973.0,176.0,90.0,1.3
6.8,74.8,0.7423,1472.0,1418.0,459.0,1681.0,1554.0,756.0,159.0,5.0
12.2,56.9,0.8068,1216.0,1134.0,566.0,1403.0,1336.0,360.0,138.0,2.7
5.6,72.3,0.6627,1128.0,977.0,673.0,1199.0,1202.0,448.0,153.0,2.4
12.3,46.3,0.6597,1194.0,1061.0,622.0,1257.0,1473.0,459.0,182.0,3.2
5.2,70.0,0.6232,1231.0,1017.0,655.0,1207.0,1414.0,492.0,151.0,3.0
5.2,67.8,0.6028,1289.0,1104.0,623.0,1257.0,1499.0,531.0,165.0,3.8
5.1,65.5,0.5811,1062.0,884.0,748.0,1062.0,1172.0,293.0,128.0,2.1
4.0,69.5,0.5706,1028.0,813.0,794.0,1019.0,1076.0,-200.0,-200.0,1.7
11.4,32.0,0.431,819.0,576.0,1142.0,809.0,492.0,114.0,85.0,0.8
8.1,37.9,0.41,1013.0,873.0,820.0,984.0,985.0,369.0,167.0,2.2
6.6,42.6,0.4179,953.0,771.0,905.0,936.0,895.0,248.0,145.0,1.5
6.4,44.2,0.428,916.0,701.0,954.0,899.0,791.0,197.0,133.0,1.4
10.5,34.7,0.4393,1149.0,1096.0,639.0,1219.0,1476.0,474.0,178.0,2.7
4.2,58.1,0.4832,1092.0,875.0,751.0,1010.0,1347.0,298.0,143.0,1.9
4.2,57.1,0.4743,950.0,680.0,936.0,914.0,1028.0,181.0,106.0,0.9
6.4,82.9,0.8022,1523.0,1342.0,466.0,1588.0,1677.0,745.0,184.0,4.2
9.9,79.8,0.9725,1106.0,733.0,822.0,1208.0,902.0,165.0,109.0,0.4
8.7,55.1,0.6228,923.0,715.0,915.0,1015.0,646.0,170.0,112.0,0.7
9.0,50.4,0.5809,1061.0,962.0,721.0,1167.0,942.0,257.0,141.0,2.3
7.1,56.0,0.569,822.0,493.0,1278.0,876.0,453.0,50.0,45.0,0.6
7.6,53.5,0.5605,1298.0,1217.0,552.0,1409.0,1444.0,704.0,169.0,4.2
15.4,23.5,0.4076,1107.0,1134.0,639.0,1172.0,1299.0,482.0,167.0,3.0
8.0,52.2,0.5623,1082.0,801.0,780.0,1035.0,1200.0,211.0,119.0,1.8
7.9,60.0,0.6406,1578.0,1527.0,419.0,1761.0,2086.0,875.0,179.0,5.7
12.8,46.9,0.6919,1300.0,1113.0,573.0,1291.0,1845.0,402.0,142.0,2.9
13.5,51.5,0.793,1551.0,1303.0,469.0,1520.0,2171.0,435.0,99.0,3.3
6.7,78.7,0.7779,1326.0,1087.0,571.0,1333.0,1398.0,-200.0,-200.0,0.9
5.7,80.5,0.7416,1331.0,1106.0,568.0,1322.0,1383.0,497.0,144.0,0.9
5.2,81.4,0.7276,1288.0,1036.0,590.0,1242.0,1413.0,582.0,183.0,0.4
14.9,49.9,0.8394,1380.0,1206.0,515.0,1500.0,1677.0,455.0,186.0,1.3
4.2,50.8,0.4234,969.0,788.0,854.0,938.0,1006.0,224.0,139.0,-200.0
3.1,51.0,0.3947,849.0,552.0,1165.0,812.0,737.0,93.0,77.0,-200.0
3.1,53.5,0.4123,956.0,735.0,915.0,942.0,945.0,189.0,121.0,-200.0
8.3,41.3,0.4533,1138.0,940.0,706.0,1088.0,1359.0,328.0,169.0,-200.0
7.3,68.1,0.6979,1075.0,749.0,827.0,1050.0,899.0,154.0,123.0,-200.0
6.9,52.8,0.5293,1094.0,967.0,682.0,1147.0,1136.0,355.0,203.0,2.0
10.7,37.2,0.4788,981.0,804.0,829.0,997.0,783.0,191.0,127.0,0.7
6.9,42.5,0.4257,976.0,870.0,795.0,971.0,861.0,221.0,152.0,1.2
6.6,43.2,0.4247,872.0,689.0,970.0,866.0,631.0,142.0,107.0,0.3
6.1,42.6,0.4041,800.0,541.0,1250.0,779.0,407.0,71.0,58.0,-200.0
4.1,52.5,0.4351,853.0,616.0,1071.0,870.0,491.0,113.0,87.0,0.1
3.9,50.9,0.4144,763.0,428.0,1532.0,757.0,296.0,31.0,30.0,-200.0
2.7,53.9,0.4062,744.0,383.0,1881.0,720.0,253.0,17.0,17.0,-200.0
2.8,54.4,0.411,774.0,441.0,1646.0,760.0,282.0,42.0,35.0,-200.0
5.7,43.1,0.3984,902.0,721.0,924.0,900.0,666.0,203.0,133.0,0.3
6.6,41.2,0.4046,922.0,716.0,930.0,893.0,643.0,192.0,115.0,1.2
5.7,33.9,0.3131,981.0,886.0,819.0,928.0,912.0,266.0,170.0,2.1
2.5,51.0,0.3778,879.0,642.0,1027.0,836.0,545.0,140.0,101.0,1.1
3.3,46.8,0.3671,908.0,653.0,980.0,847.0,551.0,165.0,118.0,1.4
2.9,49.0,0.3725,865.0,561.0,1102.0,791.0,434.0,103.0,83.0,1.0
3.2,46.9,0.3658,863.0,560.0,1107.0,787.0,430.0,101.0,82.0,1.0
2.7,43.2,0.3259,805.0,465.0,1358.0,736.0,382.0,74.0,62.0,0.5
7.2,34.2,0.3488,890.0,585.0,1097.0,776.0,454.0,129.0,92.0,1.0
3.4,38.9,0.3076,891.0,650.0,987.0,782.0,586.0,174.0,126.0,1.5
3.7,33.9,0.2732,1049.0,863.0,826.0,923.0,979.0,350.0,198.0,1.8
4.4,38.8,0.328,1201.0,1116.0,617.0,1130.0,1469.0,-200.0,-200.0,-200.0
5.4,43.5,0.3922,1109.0,863.0,737.0,960.0,1527.0,360.0,208.0,2.1
4.4,58.8,0.4979,1491.0,1215.0,503.0,1343.0,2038.0,878.0,196.0,4.1
9.5,47.2,0.5589,1451.0,1264.0,497.0,1408.0,1965.0,683.0,181.0,3.7
11.8,44.4,0.6118,1432.0,1264.0,487.0,1476.0,1888.0,660.0,179.0,4.2
7.3,43.8,0.4505,1054.0,818.0,777.0,966.0,1210.0,289.0,150.0,3.0
3.4,66.7,0.5281,1126.0,869.0,680.0,1075.0,1222.0,-200.0,-200.0,2.9
13.7,19.9,0.3114,1028.0,983.0,728.0,979.0,1048.0,337.0,133.0,2.2
14.5,18.0,0.2956,1010.0,940.0,759.0,960.0,1027.0,329.0,124.0,1.8
13.2,20.4,0.3074,1113.0,1096.0,645.0,1092.0,1359.0,465.0,158.0,3.1
1.3,64.8,0.441,1382.0,1202.0,534.0,1352.0,1630.0,728.0,275.0,3.0
12.2,44.8,0.6342,1713.0,1605.0,383.0,1870.0,2186.0,980.0,212.0,6.7
10.3,52.4,0.6578,1655.0,1527.0,393.0,1758.0,2203.0,966.0,249.0,6.4
6.3,65.1,0.6237,1368.0,1164.0,524.0,1350.0,1674.0,528.0,217.0,3.0
14.5,28.3,0.4665,1019.0,825.0,781.0,994.0,901.0,229.0,138.0,1.2
7.7,41.9,0.4409,1125.0,1025.0,653.0,1147.0,1200.0,356.0,207.0,2.6
7.1,43.9,0.4433,1130.0,968.0,680.0,1102.0,1220.0,467.0,208.0,2.8
6.4,36.8,0.3566,999.0,821.0,846.0,915.0,926.0,263.0,174.0,1.6
4.9,43.7,0.3809,938.0,685.0,934.0,870.0,840.0,214.0,157.0,1.1
4.0,39.2,0.3228,963.0,749.0,900.0,834.0,869.0,251.0,173.0,1.8
5.4,36.6,0.3304,896.0,627.0,1033.0,782.0,610.0,158.0,126.0,1.1
4.5,38.1,0.3249,885.0,582.0,1072.0,760.0,517.0,104.0,92.0,1.0
5.6,40.5,0.3704,1161.0,996.0,639.0,1067.0,1396.0,471.0,281.0,2.8
10.8,25.2,0.3251,1029.0,835.0,771.0,897.0,1002.0,262.0,182.0,1.7
7.1,39.6,0.4019,988.0,738.0,843.0,906.0,893.0,209.0,154.0,1.6
5.9,45.1,0.4211,991.0,653.0,944.0,885.0,931.0,228.0,146.0,1.0
,-200.0,-200.0,-200.0,-200.0,-200.0,-200.0,-200.0,275.0,187.0,1.9
,-200.0,-200.0,-200.0,-200.0,-200.0,-200.0,-200.0,-200.0,-200.0,0.8
-200.0,,-200.0,-200.0,-200.0,-200.0,-200.0,-200.0,120.0,100.0,0.6
-200.0,-200.0,-200.0,-200.0,-200.0,-200.0,-200.0,-200.0,446.0,203.0,3.3
,-200.0,-200.0,-200.0,-200.0,-200.0,-200.0,-200.0,108.0,95.0,1.6
-200.0,,-200.0,-200.0,-200.0,-200.0,-200.0,-200.0,178.0,134.0,1.7
-200.0,-200.0,-200.0,-200.0,-200.0,-200.0,-200.0,-200.0,211.0,148.0,2.3
-200.0,,-200.0,-200.0,-200.0,-200.0,-200.0,-200.0,107.0,91.0,1.6
-200.0,,-200.0,-200.0,-200.0,-200.0,-200.0,-200.0,1227.0,326.0,6.6
5.8,64.3,0.5964,1494.0,1124.0,504.0,1313.0,1931.0,541.0,211.0,4.2
5.0,66.6,0.5871,1326.0,967.0,578.0,1174.0,1699.0,490.0,216.0,3.6
11.0,53.6,0.7033,1707.0,1378.0,416.0,1637.0,2225.0,851.0,248.0,4.6
11.1,56.9,0.7506,1795.0,1382.0,410.0,1609.0,2355.0,894.0,262.0,5.2
10.2,60.0,0.7461,1755.0,1352.0,417.0,1587.0,2375.0,839.0,241.0,5.0
9.4,77.7,0.9203,1574.0,1093.0,497.0,1451.0,1808.0,478.0,180.0,3.1
18.7,48.0,1.0259,1198.0,758.0,698.0,1277.0,1001.0,142.0,107.0,1.2
13.7,42.9,0.6687,984.0,694.0,881.0,1032.0,711.0,141.0,116.0,1.0
10.9,55.9,0.7312,1115.0,778.0,749.0,1158.0,994.0,203.0,135.0,1.4
9.4,44.9,0.5296,1233.0,1030.0,619.0,1257.0,1291.0,388.0,176.0,2.3
10.3,45.4,0.5666,1140.0,958.0,627.0,1175.0,1200.0,366.0,193.0,2.5
13.6,22.7,0.3529,940.0,829.0,823.0,901.0,716.0,209.0,140.0,1.4
8.8,31.2,0.3533,988.0,839.0,803.0,936.0,963.0,202.0,139.0,1.6
6.1,40.8,0.3868,850.0,529.0,1183.0,780.0,385.0,64.0,56.0,0.4
12.8,19.8,0.2933,889.0,734.0,942.0,801.0,566.0,216.0,134.0,1.2
6.6,37.5,0.3664,1145.0,946.0,699.0,1015.0,1409.0,366.0,182.0,2.1
6.3,40.1,0.3842,1134.0,912.0,707.0,999.0,1376.0,336.0,182.0,1.9
4.4,47.5,0.4017,1141.0,898.0,689.0,1014.0,1356.0,320.0,174.0,2.0
9.6,31.3,0.3763,997.0,825.0,790.0,948.0,852.0,226.0,139.0,1.5
5.4,43.8,0.3945,1196.0,1014.0,643.0,1101.0,1334.0,375.0,192.0,2.7
5.7,42.1,0.3885,1102.0,897.0,715.0,1024.0,1196.0,326.0,173.0,2.3
7.7,42.1,0.444,1190.0,1000.0,624.0,1152.0,1280.0,485.0,202.0,2.7
7.4,47.2,0.4871,1219.0,1081.0,590.0,1246.0,1244.0,378.0,200.0,3.3
6.4,50.2,0.485,904.0,530.0,1079.0,846.0,438.0,79.0,60.0,0.5
11.3,31.7,0.4249,1016.0,845.0,771.0,987.0,818.0,270.0,134.0,1.7
7.4,43.8,0.4538,1122.0,831.0,722.0,982.0,1317.0,393.0,210.0,2.3
7.8,55.7,0.5914,920.0,506.0,1142.0,905.0,453.0,61.0,56.0,0.5
9.1,56.2,0.6515,1023.0,623.0,916.0,976.0,571.0,120.0,97.0,1.1
7.9,66.5,0.7124,1037.0,636.0,891.0,1024.0,582.0,151.0,112.0,1.1
8.6,57.3,0.6429,1037.0,665.0,854.0,1013.0,633.0,156.0,114.0,1.3
4.5,79.2,0.6751,886.0,464.0,1273.0,919.0,357.0,-200.0,-200.0,0.6
3.3,84.3,0.6617,949.0,589.0,987.0,1001.0,464.0,77.0,63.0,0.6
5.8,77.8,0.7223,1177.0,931.0,656.0,1281.0,979.0,293.0,193.0,2.2
6.4,70.7,0.6848,961.0,643.0,914.0,1046.0,825.0,163.0,124.0,1.2
3.9,83.1,0.6787,888.0,511.0,1112.0,963.0,512.0,71.0,66.0,0.7
3.4,84.5,0.664,987.0,628.0,929.0,1035.0,691.0,170.0,117.0,0.9
7.4,69.3,0.7165,1174.0,1010.0,613.0,1305.0,1050.0,360.0,218.0,2.5
6.4,70.6,0.6834,1068.0,896.0,702.0,1177.0,848.0,339.0,222.0,2.2
3.1,83.0,0.6419,944.0,697.0,881.0,1022.0,688.0,243.0,167.0,1.4
3.9,79.5,0.6482,992.0,694.0,900.0,1020.0,756.0,266.0,169.0,1.2
4.9,78.2,0.6826,1160.0,990.0,632.0,1254.0,1090.0,403.0,238.0,2.5
4.3,81.0,0.677,895.0,545.0,1080.0,964.0,685.0,-200.0,-200.0,0.7
4.6,82.0,0.6997,1093.0,836.0,728.0,1142.0,1025.0,414.0,232.0,1.8
5.5,79.5,0.7238,1060.0,784.0,770.0,1117.0,941.0,314.0,196.0,1.4
5.3,84.1,0.753,1181.0,905.0,657.0,1215.0,1106.0,356.0,202.0,2.5
5.1,83.5,0.7416,1059.0,773.0,767.0,1127.0,984.0,233.0,157.0,1.5
2.8,74.0,0.5591,1082.0,843.0,729.0,1061.0,1090.0,-200.0,-200.0,2.1
9.8,43.3,0.5238,959.0,717.0,892.0,939.0,664.0,171.0,113.0,2.4
6.7,59.1,0.5848,1129.0,920.0,689.0,1139.0,1182.0,331.0,169.0,3.8
3.5,68.8,0.5458,1035.0,805.0,790.0,1022.0,1038.0,-200.0,-200.0,3.0
12.6,30.6,0.446,955.0,706.0,888.0,884.0,616.0,168.0,120.0,1.4
10.3,32.9,0.4131,943.0,714.0,898.0,868.0,609.0,191.0,131.0,1.8
10.0,35.5,0.4346,895.0,622.0,1012.0,804.0,471.0,149.0,115.0,1.1
1.6,37.9,0.2645,938.0,903.0,790.0,885.0,798.0,309.0,141.0,2.4
1.4,38.0,0.2615,939.0,872.0,814.0,870.0,793.0,297.0,142.0,2.5
-0.1,37.5,0.2326,716.0,390.0,1804.0,551.0,221.0,29.0,27.0,0.2
0.6,36.8,0.2388,905.0,818.0,853.0,840.0,790.0,354.0,143.0,1.9
1.4,36.5,0.2503,1009.0,958.0,751.0,935.0,1006.0,342.0,156.0,2.8
0.2,30.2,0.191,790.0,597.0,1184.0,637.0,465.0,141.0,102.0,0.9
-1.2,47.2,0.27,831.0,537.0,1158.0,722.0,768.0,124.0,96.0,0.5
5.9,50.2,0.4706,1337.0,1212.0,529.0,1406.0,1756.0,717.0,211.0,4.2
7.3,39.4,0.4035,1111.0,931.0,687.0,1069.0,1368.0,389.0,186.0,2.1
3.7,74.4,0.5992,1393.0,1204.0,506.0,1497.0,1568.0,719.0,167.0,3.7
6.9,60.0,0.5977,1029.0,762.0,820.0,1049.0,1065.0,221.0,153.0,1.6
6.3,59.8,0.5761,1100.0,810.0,768.0,1070.0,1158.0,327.0,172.0,2.2
4.9,62.6,0.5477,1041.0,732.0,789.0,1003.0,1076.0,-200.0,-200.0,1.5
13.0,30.3,0.452,978.0,772.0,870.0,955.0,586.0,162.0,117.0,1.1
13.3,28.9,0.4399,1008.0,843.0,787.0,998.0,705.0,199.0,136.0,1.6
11.5,30.1,0.4067,973.0,778.0,839.0,916.0,723.0,257.0,167.0,1.7
10.1,33.2,0.4115,1069.0,923.0,735.0,1036.0,875.0,228.0,162.0,2.3
8.6,38.1,0.4282,1055.0,821.0,797.0,942.0,949.0,321.0,194.0,2.5
7.5,43.8,0.4551,982.0,714.0,879.0,905.0,747.0,203.0,158.0,1.5
10.2,25.6,0.3181,890.0,726.0,921.0,779.0,523.0,218.0,136.0,1.3
16.5,14.9,0.2775,997.0,975.0,739.0,926.0,947.0,377.0,164.0,2.3
17.6,34.1,0.6781,1201.0,882.0,638.0,1189.0,948.0,198.0,102.0,1.7
18.0,33.1,0.6779,1238.0,985.0,592.0,1271.0,1252.0,229.0,114.0,1.9
12.8,46.2,0.6794,1573.0,1436.0,407.0,1747.0,2056.0,679.0,207.0,5.3
19.5,15.3,0.3431,1008.0,946.0,705.0,1016.0,942.0,334.0,148.0,2.2
20.2,14.4,0.337,962.0,807.0,821.0,901.0,745.0,268.0,131.0,1.8
19.8,16.0,0.3632,1048.0,925.0,721.0,1022.0,941.0,284.0,137.0,1.9
11.5,35.9,0.4862,1274.0,1136.0,547.0,1233.0,1741.0,684.0,229.0,4.2
5.7,49.4,0.4551,952.0,662.0,905.0,887.0,1024.0,155.0,111.0,1.0
4.5,56.3,0.48,928.0,631.0,985.0,908.0,884.0,148.0,89.0,0.6
7.1,50.0,0.5067,1452.0,1370.0,445.0,1581.0,1817.0,679.0,189.0,3.5
11.1,38.4,0.5066,1415.0,1278.0,483.0,1399.0,1870.0,796.0,211.0,3.0
19.3,29.9,0.6604,1260.0,1059.0,544.0,1319.0,1161.0,417.0,180.0,1.7
10.3,55.9,0.7014,1189.0,797.0,688.0,1157.0,1213.0,312.0,174.0,1.0
10.2,57.9,0.7191,1128.0,740.0,705.0,1113.0,1064.0,195.0,134.0,0.3
9.8,68.9,0.8329,979.0,547.0,952.0,1039.0,470.0,73.0,55.0,-200.0
14.2,51.5,0.8313,1180.0,846.0,646.0,1206.0,791.0,246.0,137.0,0.7
18.0,35.4,0.7233,1083.0,804.0,702.0,1105.0,615.0,208.0,128.0,0.3
12.5,55.4,0.7999,1017.0,641.0,892.0,1044.0,482.0,157.0,107.0,0.1
12.3,51.8,0.7384,944.0,551.0,1063.0,985.0,381.0,98.0,68.0,-200.0
13.7,51.9,0.8106,1243.0,1006.0,572.0,1349.0,1395.0,497.0,170.0,3.5
20.2,32.2,0.7526,1263.0,1008.0,597.0,1308.0,1121.0,391.0,158.0,2.4
12.7,62.8,0.9198,1166.0,880.0,631.0,1280.0,1238.0,248.0,149.0,1.6
11.1,66.1,0.8738,960.0,582.0,933.0,1062.0,657.0,90.0,69.0,0.7
10.4,62.7,0.7909,1370.0,1118.0,495.0,1459.0,1406.0,506.0,151.0,2.6
13.0,53.9,0.8036,1471.0,1265.0,434.0,1655.0,1617.0,485.0,158.0,3.3
16.4,44.6,0.8242,1447.0,1167.0,466.0,1514.0,1694.0,684.0,194.0,4.0
22.2,25.5,0.6752,1171.0,977.0,608.0,1234.0,905.0,292.0,142.0,2.2
18.0,36.0,0.7345,1610.0,1573.0,381.0,1890.0,1932.0,766.0,243.0,6.3
9.0,65.4,0.7532,938.0,559.0,942.0,1026.0,850.0,147.0,97.0,0.6
8.7,64.3,0.7257,1228.0,984.0,588.0,1293.0,1222.0,390.0,129.0,2.1
21.0,28.0,0.6904,1494.0,1460.0,420.0,1682.0,1827.0,641.0,227.0,4.8
10.1,61.9,0.7631,959.0,578.0,909.0,1016.0,822.0,100.0,81.0,-200.0
13.2,51.0,0.7704,1583.0,1457.0,376.0,1808.0,1976.0,745.0,189.0,5.6
24.3,24.7,0.7407,1269.0,1016.0,579.0,1273.0,1383.0,388.0,189.0,2.2
27.8,20.0,0.7378,1216.0,1013.0,576.0,1277.0,967.0,322.0,161.0,2.2
12.4,52.2,0.7513,1101.0,809.0,690.0,1123.0,1201.0,224.0,150.0,1.4
18.8,33.5,0.7186,1323.0,1144.0,502.0,1405.0,1568.0,457.0,187.0,3.1
25.6,21.7,0.7039,1301.0,1152.0,525.0,1343.0,1151.0,479.0,219.0,3.4
16.7,42.5,0.8002,1545.0,1403.0,407.0,1743.0,1821.0,571.0,223.0,5.3
11.8,68.3,0.9432,1206.0,849.0,640.0,1245.0,1127.0,307.0,163.0,2.2
12.8,64.4,0.9448,1285.0,1009.0,517.0,1452.0,1366.0,380.0,153.0,2.7
15.8,51.3,0.9144,1242.0,935.0,584.0,1327.0,1127.0,297.0,164.0,2.2
19.5,40.2,0.901,1165.0,839.0,652.0,1214.0,867.0,220.0,140.0,1.8
18.2,45.9,0.9488,1223.0,883.0,614.0,1289.0,968.0,266.0,156.0,1.9
13.2,64.8,0.9801,1027.0,684.0,788.0,1149.0,666.0,132.0,94.0,1.1
13.3,62.4,0.946,970.0,618.0,888.0,1095.0,611.0,112.0,84.0,0.7
15.4,54.0,0.9385,1144.0,821.0,651.0,1262.0,988.0,214.0,123.0,1.5
21.3,35.6,0.8924,988.0,600.0,912.0,1033.0,415.0,110.0,82.0,0.9
19.3,41.6,0.923,1167.0,838.0,660.0,1227.0,825.0,240.0,128.0,1.7
15.6,58.0,1.0197,1364.0,1061.0,534.0,1436.0,1397.0,590.0,179.0,4.0
14.8,61.3,1.025,1111.0,825.0,679.0,1238.0,975.0,295.0,124.0,1.9
12.8,68.0,1.0023,1120.0,815.0,660.0,1291.0,1053.0,270.0,113.0,1.3
17.2,52.7,1.0285,1537.0,1446.0,392.0,1855.0,1840.0,638.0,224.0,6.0
14.2,65.4,1.0497,1155.0,909.0,604.0,1331.0,1244.0,252.0,144.0,2.1
11.8,66.3,0.9174,1303.0,1102.0,536.0,1488.0,1323.0,403.0,116.0,2.2
25.5,28.3,0.9124,1197.0,943.0,599.0,1294.0,951.0,256.0,130.0,2.0
18.6,46.6,0.9858,1476.0,1308.0,428.0,1674.0,1654.0,529.0,175.0,5.8
15.2,63.5,1.0881,1011.0,622.0,827.0,1158.0,703.0,83.0,66.0,2.0
17.8,53.3,1.0736,1592.0,1478.0,360.0,1975.0,1874.0,593.0,158.0,4.9
11.9,59.6,0.8294,1073.0,760.0,727.0,1128.0,1052.0,173.0,73.0,0.7
17.6,59.7,1.188,1590.0,1219.0,410.0,1677.0,1830.0,602.0,147.0,3.3
20.9,43.4,1.0618,1422.0,1120.0,476.0,1525.0,1696.0,489.0,161.0,3.0
17.4,57.3,1.1288,1549.0,1233.0,424.0,1648.0,1804.0,590.0,175.0,4.0
13.9,80.4,1.2694,1106.0,715.0,714.0,1279.0,949.0,152.0,101.0,1.0
13.6,82.8,1.2817,1099.0,718.0,714.0,1300.0,905.0,144.0,96.0,0.9
21.7,47.4,1.2184,1446.0,1224.0,471.0,1706.0,1450.0,445.0,153.0,3.4
22.3,43.9,1.1695,1169.0,841.0,623.0,1361.0,1040.0,232.0,104.0,1.7
23.7,39.4,1.1366,1085.0,769.0,711.0,1264.0,820.0,156.0,85.0,1.3
21.9,45.1,1.1687,1205.0,996.0,559.0,1456.0,1101.0,289.0,122.0,2.3
13.8,83.5,1.3154,1153.0,734.0,712.0,1324.0,811.0,272.0,122.0,1.6
13.8,79.0,1.2425,938.0,575.0,955.0,1195.0,585.0,97.0,63.0,0.6
16.4,67.3,1.2451,1086.0,756.0,700.0,1308.0,894.0,176.0,101.0,1.3
25.1,34.0,1.068,1053.0,721.0,764.0,1216.0,617.0,140.0,85.0,1.3
24.7,35.6,1.0882,1055.0,693.0,789.0,1203.0,598.0,186.0,98.0,1.4
17.6,54.4,1.0839,1163.0,954.0,600.0,1369.0,1118.0,388.0,157.0,2.9
18.3,53.9,1.1252,1339.0,1200.0,457.0,1671.0,1404.0,385.0,155.0,3.3
17.1,61.5,1.191,1251.0,1097.0,502.0,1541.0,1328.0,306.0,151.0,2.6
16.4,62.5,1.1531,1267.0,1102.0,498.0,1545.0,1378.0,402.0,159.0,3.2
11.6,74.9,1.0224,905.0,615.0,885.0,1104.0,776.0,95.0,68.0,0.7
11.5,71.5,0.9684,879.0,539.0,1045.0,1073.0,678.0,82.0,56.0,0.4
16.0,61.9,1.115,1066.0,802.0,689.0,1282.0,1090.0,172.0,117.0,1.4
12.3,74.2,1.0583,936.0,628.0,876.0,1173.0,782.0,104.0,64.0,0.6
20.3,40.1,0.9439,1064.0,848.0,692.0,1212.0,1014.0,275.0,139.0,1.9
13.7,48.8,0.7606,818.0,473.0,1257.0,898.0,323.0,47.0,41.0,-200.0
16.5,40.8,0.757,948.0,684.0,851.0,1011.0,599.0,180.0,120.0,1.0
19.2,29.5,0.648,925.0,713.0,853.0,957.0,518.0,172.0,115.0,1.1
10.7,42.8,0.5489,884.0,587.0,999.0,863.0,566.0,163.0,107.0,0.6
14.2,36.9,0.5939,903.0,618.0,933.0,899.0,575.0,183.0,121.0,0.9
10.5,48.7,0.6164,921.0,642.0,861.0,948.0,768.0,120.0,88.0,0.8
22.8,21.7,0.5945,1015.0,743.0,851.0,981.0,597.0,190.0,138.0,1.2
15.5,49.0,0.8579,1116.0,803.0,696.0,1173.0,1055.0,233.0,153.0,1.6
14.3,52.5,0.8497,1100.0,769.0,722.0,1147.0,1049.0,170.0,128.0,1.2
24.3,23.7,0.7119,1163.0,1027.0,604.0,1264.0,1269.0,353.0,179.0,2.4
26.9,18.3,0.6406,1142.0,1063.0,603.0,1241.0,1092.0,293.0,175.0,2.4
17.4,57.3,1.1288,1549.0,1233.0,424.0,1648.0,1804.0,590.0,175.0,4.0
18.0,36.0,0.7345,1610.0,1573.0,381.0,1890.0,1932.0,766.0,243.0,6.3
14.9,65.7,1.105,926.0,649.0,1035.0,1145.0,741.0,134.0,83.0,1.0
23.0,49.0,1.362,1460.0,1430.0,466.0,1932.0,1604.0,524.0,125.0,4.4
12.9,72.1,1.0658,1109.0,855.0,787.0,1220.0,866.0,244.0,121.0,2.1
